Date,Open,High,Low,Close,Volume,Merged,OriginalDates,Ticker
2021-04-19,381.0,429.5400085449219,326.7900085449219,333.0,154903700,False,2021-04-19,
2021-04-20,333.42999267578125,334.8299865722656,312.0199890136719,320.82000732421875,18082300,False,2021-04-20,COIN
2021-04-21,312.5199890136719,327.4700012207031,302.1000061035156,311.9200134277344,10103900,False,2021-04-21,COIN
2021-04-22,305.760009765625,313.5,287.20001220703125,293.45001220703125,14991900,False,2021-04-22,COIN
2021-04-23,282.75,303.0,282.07000732421875,291.6000061035156,9853800,False,2021-04-23,COIN
2021-04-26,304.2900085449219,306.1000061035156,296.8999938964844,304.5400085449219,6330200,False,2021-04-26,COIN
2021-04-27,306.70001220703125,306.70001220703125,299.5,302.0,3902000,False,2021-04-27,COIN
2021-04-28,301.010009765625,302.8999938964844,298.04998779296875,298.04998779296875,2746100,False,2021-04-28,COIN
2021-04-30,298.45001220703125,300.0,291.0,297.6400146484375,6843200,False,2021-04-30,
2021-05-03,304.0,305.0299987792969,293.94000244140625,294.2099914550781,3333800,False,2021-05-03,COIN
2021-05-04,292.0599975585937,292.19000244140625,275.6099853515625,280.6600036621094,5707700,False,2021-05-04,COIN
2021-05-05,284.95001220703125,289.1499938964844,269.0,273.0,5074600,False,2021-05-05,COIN
2021-05-07,267.07000732421875,267.07000732421875,250.509994506836,263.70001220703125,12585700,False,2021-05-07,
2021-05-10,266.3999938964844,297.5,259.3699951171875,293.45001220703125,10268600,False,2021-05-10,COIN
2021-05-11,281.04998779296875,303.32000732421875,276.510009765625,303.0,7456000,False,2021-05-11,COIN
2021-05-12,299.5400085449219,306.9800109863281,280.7900085449219,283.6099853515625,7214200,False,2021-05-12,COIN
2021-05-14,276.4599914550781,280.6400146484375,252.259994506836,258.3699951171875,22978600,False,2021-05-14,
2021-05-17,250.0,250.25,238.25,248.2400054931641,8828100,False,2021-05-17,COIN
2021-05-18,238.8300018310547,252.1699981689453,238.5,239.0,7852100,False,2021-05-18,COIN
2021-05-19,212.92999267578125,229.0,208.0,224.8000030517578,16766000,False,2021-05-19,COIN
2021-05-21,236.1000061035156,238.97000122070312,226.259994506836,226.259994506836,17941800,False,2021-05-21,
2021-05-24,227.27999877929688,231.0,224.0399932861328,225.3000030517578,10185600,False,2021-05-24,COIN
2021-05-25,230.0,243.9900054931641,228.0,242.4100036621093,11827800,False,2021-05-25,COIN
2021-05-27,247.5,249.38999938964844,240.32000732421875,247.08999633789065,11686100,False,2021-05-27,
2021-05-28,243.57000732421875,244.6300048828125,236.5399932861328,236.5399932861328,5091500,False,2021-05-28,COIN
2021-06-02,238.7100067138672,244.7100067138672,238.7100067138672,240.47999572753903,7346500,False,2021-06-02,
2021-06-03,241.38999938964844,241.5,233.5,233.6600036621093,3091100,False,2021-06-03,COIN
2021-06-04,229.9900054931641,233.3600006103516,227.5,228.7899932861328,3775100,False,2021-06-04,COIN
2021-06-07,229.9199981689453,232.5599975585937,226.5,231.4499969482422,2658300,False,2021-06-07,COIN
2021-06-09,227.1600036621093,229.3300018310547,217.3999938964844,224.32000732421875,12881700,False,2021-06-09,
2021-06-11,226.22000122070312,229.7899932861328,221.9600067138672,223.9199981689453,6338800,False,2021-06-11,
2021-06-15,231.2700042724609,239.759994506836,230.9600067138672,232.2100067138672,9159600,False,2021-06-15,
2021-06-18,231.3999938964844,232.69000244140625,226.27999877929688,229.2899932861328,8729600,False,2021-06-18,
2021-06-21,223.13999938964844,224.9900054931641,218.7700042724609,222.6000061035156,4687600,False,2021-06-21,COIN
2021-06-22,216.25,223.1499938964844,210.7700042724609,222.47000122070312,6206100,False,2021-06-22,COIN
2021-06-24,226.6699981689453,230.5200042724609,226.6699981689453,229.92999267578125,6252400,False,2021-06-24,
2021-06-25,226.97000122070312,227.82000732421875,223.22000122070312,224.5399932861328,2507000,False,2021-06-25,COIN
2021-06-28,227.63999938964844,248.0599975585937,226.1300048828125,246.69000244140625,7449000,False,2021-06-28,COIN
2021-06-29,250.1999969482422,261.1499938964844,250.009994506836,254.8999938964844,7867600,False,2021-06-29,COIN
2021-07-01,248.3000030517578,254.6699981689453,240.52999877929688,241.44000244140625,7754800,False,2021-07-01,
2021-07-02,242.0,246.8000030517578,238.8800048828125,240.72000122070312,2325000,False,2021-07-02,COIN
2021-07-07,243.0,243.0,232.33999633789065,243.0,7017000,False,2021-07-07,
2021-07-08,239.0,246.6000061035156,233.6100006103516,244.2899932861328,4350000,False,2021-07-08,COIN
2021-07-12,246.8300018310547,256.989990234375,246.8300018310547,247.6699981689453,6679500,False,2021-07-12,
2021-07-13,245.509994506836,249.1499938964844,242.92999267578125,243.3099975585937,3308000,False,2021-07-13,COIN
2021-07-14,244.8999938964844,247.4499969482422,229.1600036621093,229.94000244140625,4808400,False,2021-07-14,COIN
2021-07-16,229.94000244140625,231.3000030517578,220.3699951171875,225.009994506836,7009000,False,2021-07-16,
2021-07-19,216.9199981689453,221.88999938964844,213.22000122070312,220.6100006103516,3149300,False,2021-07-19,COIN
2021-07-20,216.7100067138672,226.88999938964844,213.22999572753903,224.9600067138672,3104800,False,2021-07-20,COIN
2021-07-21,231.6999969482422,237.1499938964844,229.19000244140625,230.8699951171875,3677400,False,2021-07-21,COIN
2021-07-22,232.0,232.32000732421875,224.5,226.0800018310547,2551700,False,2021-07-22,COIN
2021-07-23,226.22000122070312,227.3500061035156,222.72999572753903,224.9199981689453,1574700,False,2021-07-23,COIN
2021-07-26,240.0800018310547,249.8000030517578,237.8800048828125,245.4499969482422,7615700,False,2021-07-26,COIN
2021-07-28,242.8699951171875,242.8699951171875,229.1199951171875,241.75,7701600,False,2021-07-28,
2021-07-29,241.7700042724609,245.1600036621093,235.3300018310547,235.77999877929688,2453100,False,2021-07-29,COIN
2021-07-30,233.27999877929688,238.07000732421875,231.8999938964844,236.5800018310547,2041100,False,2021-07-30,COIN
2021-08-02,237.27999877929688,240.3800048828125,233.8000030517578,235.3999938964844,2151300,False,2021-08-02,COIN
2021-08-03,233.8699951171875,235.69000244140625,226.9100036621093,230.17999267578125,2850500,False,2021-08-03,COIN
2021-08-04,231.0599975585937,245.47000122070312,229.8500061035156,244.3600006103516,3684700,False,2021-08-04,COIN
2021-08-05,239.759994506836,258.3099975585937,237.58999633789065,255.5,6017800,False,2021-08-05,COIN
2021-08-06,255.5,263.8999938964844,250.22999572753903,258.260009765625,5579900,False,2021-08-06,COIN
2021-08-09,267.8500061035156,282.42999267578125,267.5,280.4700012207031,8892400,False,2021-08-09,COIN
2021-08-10,280.6700134277344,281.5,264.25,269.6700134277344,7723400,False,2021-08-10,COIN
2021-08-11,282.3399963378906,294.0,274.3500061035156,278.3999938964844,13998300,False,2021-08-11,COIN
2021-08-13,266.3900146484375,266.5,255.1999969482422,261.25,12720600,False,2021-08-13,
2021-08-16,265.260009765625,265.42999267578125,253.6000061035156,256.8299865722656,3232200,False,2021-08-16,COIN
2021-08-17,253.13999938964844,260.739990234375,246.22999572753903,250.8000030517578,3102000,False,2021-08-17,COIN
2021-08-18,249.0,254.3999938964844,243.759994506836,244.38999938964844,2565000,False,2021-08-18,COIN
2021-08-19,240.6000061035156,249.7700042724609,239.19000244140625,248.2400054931641,3247200,False,2021-08-19,COIN
2021-08-20,252.0,260.6199951171875,251.4199981689453,257.32000732421875,4031100,False,2021-08-20,COIN
2021-08-23,263.6700134277344,266.5,255.0,256.0,5705300,False,2021-08-23,COIN
2021-08-24,256.989990234375,260.25,253.1999969482422,259.2799987792969,3982800,False,2021-08-24,COIN
2021-08-25,257.0,262.1099853515625,256.0,256.7699890136719,2675100,False,2021-08-25,COIN
2021-08-27,253.2100067138672,255.1999969482422,248.08999633789065,255.1999969482422,6240300,False,2021-08-27,
2021-08-30,256.3500061035156,263.3399963378906,256.25,262.6600036621094,2687600,False,2021-08-30,COIN
2021-08-31,260.0199890136719,263.3999938964844,257.17999267578125,259.0,2493800,False,2021-08-31,COIN
2021-09-01,260.3099975585937,272.1000061035156,258.6300048828125,265.8999938964844,4789600,False,2021-09-01,COIN
2021-09-02,272.5400085449219,275.6600036621094,266.0,268.17999267578125,3733200,False,2021-09-02,COIN
2021-09-03,272.0,280.6099853515625,270.0299987792969,278.44000244140625,4425700,False,2021-09-03,COIN
2021-09-07,277.0,278.8699951171875,262.6000061035156,266.8099975585937,5173000,False,2021-09-07,COIN
2021-09-08,257.0,262.95001220703125,253.8800048828125,258.20001220703125,4507600,False,2021-09-08,COIN
2021-09-09,260.29998779296875,263.8099975585937,255.6999969482422,256.4200134277344,3074500,False,2021-09-09,COIN
2021-09-10,257.3099975585937,258.8699951171875,247.3999938964844,248.32000732421875,3191300,False,2021-09-10,COIN
2021-09-14,246.509994506836,248.7899932861328,239.6000061035156,243.0,6770300,False,2021-09-14,
2021-09-15,244.0,249.47000122070312,242.0500030517578,247.07000732421875,2148300,False,2021-09-15,COIN
2021-09-16,247.3800048828125,247.4600067138672,239.6100006103516,243.2100067138672,2596800,False,2021-09-16,COIN
2021-09-17,243.1300048828125,245.6300048828125,238.75,245.19000244140625,2948000,False,2021-09-17,COIN
2021-09-20,234.4499969482422,237.3600006103516,231.1499938964844,236.52999877929688,4192600,False,2021-09-20,COIN
2021-09-21,237.009994506836,240.259994506836,234.259994506836,238.4600067138672,2174700,False,2021-09-21,COIN
2021-09-23,239.9100036621093,245.8000030517578,237.759994506836,237.759994506836,4811500,False,2021-09-23,
2021-09-24,231.0,235.3099975585937,229.1699981689453,231.82000732421875,3700000,False,2021-09-24,COIN
2021-09-30,229.9900054931641,229.9900054931641,225.0399932861328,227.47999572753903,11528000,False,2021-09-30,
2021-10-01,232.88999938964844,235.759994506836,226.92999267578125,231.1499938964844,3457300,False,2021-10-01,COIN
2021-10-04,231.4900054931641,233.1000061035156,224.509994506836,229.3099975585937,2591100,False,2021-10-04,COIN
2021-10-05,231.3500061035156,240.08999633789065,230.7899932861328,240.08999633789065,2994400,False,2021-10-05,COIN
2021-10-06,242.3999938964844,252.13999938964844,242.1999969482422,250.3800048828125,5747700,False,2021-10-06,COIN
2021-10-07,248.0,253.0,245.6499938964844,251.58999633789065,3213200,False,2021-10-07,COIN
2021-10-08,253.52999877929688,256.17999267578125,246.8999938964844,248.13999938964844,2873700,False,2021-10-08,COIN
2021-10-11,249.57000732421875,263.19000244140625,248.4900054931641,256.5,4945300,False,2021-10-11,COIN
2021-10-12,254.259994506836,256.3699951171875,246.0800018310547,249.3300018310547,3971900,False,2021-10-12,COIN
2021-10-13,246.5,249.72999572753903,244.5599975585937,246.77999877929688,2878000,False,2021-10-13,COIN
2021-10-14,250.8999938964844,262.95001220703125,249.1000061035156,260.0,6299100,False,2021-10-14,COIN
2021-10-15,266.6000061035156,281.7200012207031,266.5299987792969,280.6099853515625,9517500,False,2021-10-15,COIN
2021-10-18,275.739990234375,296.9800109863281,271.5,293.3399963378906,11789600,False,2021-10-18,COIN
2021-10-19,300.0,307.8500061035156,294.1099853515625,305.6300048828125,14785700,False,2021-10-19,COIN
2021-10-20,306.6600036621094,317.3699951171875,303.9599914550781,314.7099914550781,10315300,False,2021-10-20,COIN
2021-10-21,311.9599914550781,317.17999267578125,298.0,300.010009765625,8289200,False,2021-10-21,COIN
2021-10-22,302.0,306.0,293.6199951171875,300.8399963378906,5437300,False,2021-10-22,COIN
2021-10-25,306.760009765625,327.0,305.1099853515625,325.5400085449219,8444900,False,2021-10-25,COIN
2021-10-26,328.1499938964844,328.4800109863281,315.510009765625,319.489990234375,7635800,False,2021-10-26,COIN
2021-10-27,309.3299865722656,320.2799987792969,306.5,311.6700134277344,5253300,False,2021-10-27,COIN
2021-10-29,319.8099975585937,327.7200012207031,316.1400146484375,319.4200134277344,9718700,False,2021-10-29,
2021-11-01,324.7699890136719,338.42999267578125,323.8999938964844,330.989990234375,6255900,False,2021-11-01,COIN
2021-11-02,336.3299865722656,345.25,332.1400146484375,336.3399963378906,6104700,False,2021-11-02,COIN
2021-11-03,335.260009765625,344.4700012207031,328.3099975585937,344.3800048828125,4809800,False,2021-11-03,COIN
2021-11-04,340.739990234375,345.8500061035156,333.8800048828125,344.45001220703125,5893700,False,2021-11-04,COIN
2021-11-05,345.2300109863281,345.2300109863281,333.44000244140625,337.04998779296875,3527600,False,2021-11-05,COIN
2021-11-09,349.5,368.8999938964844,345.5599975585937,357.3900146484375,18684800,False,2021-11-09,
2021-11-11,327.2200012207031,342.489990234375,320.0,336.3900146484375,20074700,False,2021-11-11,
2021-11-12,339.25,344.0,332.5599975585937,342.9800109863281,4469900,False,2021-11-12,COIN
2021-11-15,345.1000061035156,355.20001220703125,339.0299987792969,345.3599853515625,4465700,False,2021-11-15,COIN
2021-11-16,333.1400146484375,347.3999938964844,331.5799865722656,342.1199951171875,4128100,False,2021-11-16,COIN
2021-11-17,342.0299987792969,348.489990234375,338.17999267578125,346.5199890136719,3772100,False,2021-11-17,COIN
2021-11-19,339.4100036621094,339.4100036621094,323.4100036621094,332.54998779296875,9089200,False,2021-11-19,
2021-11-22,333.3299865722656,335.8999938964844,310.6700134277344,315.4800109863281,5013600,False,2021-11-22,COIN
2021-11-24,312.5,316.32000732421875,304.6000061035156,312.3800048828125,6224800,False,2021-11-24,
2021-11-26,301.29998779296875,307.9200134277344,299.1499938964844,303.19000244140625,2678700,False,2021-11-26,COIN
2021-11-29,312.2200012207031,321.5799865722656,306.75,319.3900146484375,4159700,False,2021-11-29,COIN
2021-11-30,320.75,331.70001220703125,310.9800109863281,315.0,7168400,False,2021-11-30,COIN
2021-12-01,318.6000061035156,323.0,293.70001220703125,294.5,4267500,False,2021-12-01,COIN
2021-12-02,295.1600036621094,305.32000732421875,283.82000732421875,284.7099914550781,4625100,False,2021-12-02,COIN
2021-12-03,286.0,286.0,258.1600036621094,265.6499938964844,7271100,False,2021-12-03,COIN
2021-12-06,253.1300048828125,267.2300109863281,244.4600067138672,263.239990234375,5366400,False,2021-12-06,COIN
2021-12-08,278.2900085449219,290.19000244140625,278.2900085449219,287.4800109863281,7144100,False,2021-12-08,
2021-12-09,284.9700012207031,284.989990234375,258.9200134277344,263.9100036621094,5394600,False,2021-12-09,COIN
2021-12-10,266.29998779296875,269.19000244140625,250.1499938964844,255.759994506836,5062100,False,2021-12-10,COIN
2021-12-15,252.13999938964844,256.5,242.259994506836,256.5,11900500,False,2021-12-15,
2021-12-16,264.4599914550781,268.260009765625,244.6300048828125,247.1699981689453,3346600,False,2021-12-16,COIN
2021-12-17,240.0,250.47999572753903,236.0,243.3500061035156,4420300,False,2021-12-17,COIN
2021-12-20,236.5599975585937,239.3699951171875,231.7700042724609,238.0500030517578,3572200,False,2021-12-20,COIN
2021-12-21,244.1499938964844,248.1199951171875,239.58999633789065,247.69000244140625,2776500,False,2021-12-21,COIN
2021-12-22,248.509994506836,254.7899932861328,245.63999938964844,254.5500030517578,3779100,False,2021-12-22,COIN
2021-12-23,256.5599975585937,269.3099975585937,253.5,268.1499938964844,4106100,False,2021-12-23,COIN
2021-12-27,270.260009765625,281.989990234375,270.20001220703125,280.2699890136719,4448900,False,2021-12-27,COIN
2021-12-28,270.0,270.9800109863281,259.69000244140625,261.3299865722656,4372800,False,2021-12-28,COIN
2022-01-03,256.6700134277344,259.2099914550781,250.63999938964844,251.0500030517578,12073100,False,2022-01-03,
2022-01-04,253.0500030517578,258.8099975585937,244.13999938964844,250.1499938964844,3652600,False,2022-01-04,COIN
2022-01-05,247.72000122070312,248.69000244140625,232.8600006103516,234.22999572753903,5196300,False,2022-01-05,COIN
2022-01-06,233.19000244140625,235.97999572753903,224.8800048828125,234.0,5236000,False,2022-01-06,COIN
2022-01-07,233.6300048828125,238.47999572753903,227.58999633789065,232.3300018310547,3312000,False,2022-01-07,COIN
2022-01-10,224.42999267578125,225.259994506836,214.63999938964844,225.009994506836,6800800,False,2022-01-10,COIN
2022-01-11,225.5,238.0,222.17999267578125,237.22999572753903,5585600,False,2022-01-11,COIN
2022-01-12,242.1100006103516,246.2700042724609,234.4199981689453,234.6999969482422,3937000,False,2022-01-12,COIN
2022-01-13,241.9900054931641,242.8699951171875,227.19000244140625,228.22999572753903,3814100,False,2022-01-13,COIN
2022-01-14,226.6199951171875,232.0,222.3000030517578,230.02999877929688,4325600,False,2022-01-14,COIN
2022-01-18,226.82000732421875,227.19000244140625,219.6000061035156,222.0,3483000,False,2022-01-18,COIN
2022-01-19,224.25,227.1699981689453,218.82000732421875,219.5,2976700,False,2022-01-19,COIN
2022-01-20,222.3000030517578,232.0,220.83999633789065,221.6199951171875,3691200,False,2022-01-20,COIN
2022-01-21,209.97999572753903,210.19000244140625,186.8600006103516,191.97000122070312,13628300,False,2022-01-21,COIN
2022-01-24,173.17999267578125,191.8600006103516,162.50999450683594,191.47999572753903,12978700,False,2022-01-24,COIN
2022-01-26,185.1699981689453,198.0500030517578,177.14999389648438,178.63999938964844,13837600,False,2022-01-26,
2022-01-27,182.02999877929688,182.75,168.5800018310547,170.1999969482422,5551900,False,2022-01-27,COIN
2022-01-28,169.10000610351562,181.75,162.1999969482422,177.5800018310547,6475800,False,2022-01-28,COIN
2022-01-31,177.8699951171875,192.0,175.02999877929688,190.1499938964844,4060500,False,2022-01-31,COIN
2022-02-01,197.97000122070312,201.4499969482422,188.6199951171875,197.72999572753903,5159000,False,2022-02-01,COIN
2022-02-02,195.8099975585937,197.0,181.72999572753903,187.3699951171875,3861700,False,2022-02-02,COIN
2022-02-04,182.259994506836,189.3000030517578,177.4499969482422,189.3000030517578,7814900,False,2022-02-04,
2022-02-07,198.6999969482422,211.1100006103516,198.1999969482422,205.7400054931641,6668300,False,2022-02-07,COIN
2022-02-08,200.3699951171875,209.25,196.75,208.72999572753903,4639100,False,2022-02-08,COIN
2022-02-10,210.17999267578125,217.4900054931641,207.6100006103516,207.6100006103516,8399100,False,2022-02-10,
2022-02-14,203.5599975585937,203.5599975585937,191.0200042724609,195.25,9582300,False,2022-02-14,
2022-02-15,202.3099975585937,209.3099975585937,201.17999267578125,208.9499969482422,3714300,False,2022-02-15,COIN
2022-02-16,205.3800048828125,214.0200042724609,203.8300018310547,207.9600067138672,3593600,False,2022-02-16,COIN
2022-02-17,202.1000061035156,206.3099975585937,188.92999267578125,191.9199981689453,4740600,False,2022-02-17,COIN
2022-02-18,191.0800018310547,192.72000122070312,180.5399932861328,189.1600036621093,4502200,False,2022-02-18,COIN
2022-02-22,180.8699951171875,185.75,173.16000366210938,176.75999450683594,4472800,False,2022-02-22,COIN
2022-02-23,180.69000244140625,183.33999633789065,171.77000427246094,172.74000549316406,3892500,False,2022-02-23,COIN
2022-02-25,159.0800018310547,182.08999633789065,155.9199981689453,176.8300018310547,14970800,False,2022-02-25,
2022-02-28,172.5,192.22999572753903,172.08999633789062,190.7700042724609,8036300,False,2022-02-28,COIN
2022-03-01,196.27999877929688,205.8800048828125,189.6300048828125,196.1699981689453,7779200,False,2022-03-01,COIN
2022-03-02,192.259994506836,196.1499938964844,189.509994506836,194.5,3414100,False,2022-03-02,COIN
2022-03-03,194.7100067138672,194.9199981689453,177.14999389648438,178.02999877929688,3734400,False,2022-03-03,COIN
2022-03-04,177.61000061035156,178.66000366210938,162.16000366210938,165.75,5848700,False,2022-03-04,COIN
2022-03-07,168.25,172.97999572753906,160.22999572753906,161.13999938964844,4424000,False,2022-03-07,COIN
2022-03-08,160.10000610351562,168.35000610351562,156.52999877929688,161.99000549316406,3840800,False,2022-03-08,COIN
2022-03-09,174.25999450683594,181.4499969482422,173.50999450683594,178.97000122070312,4945200,False,2022-03-09,COIN
2022-03-11,173.13999938964844,174.49000549316406,160.0,160.07000732421875,6331100,False,2022-03-11,
2022-03-14,159.99000549316406,161.6999969482422,150.4199981689453,153.19000244140625,4450000,False,2022-03-14,COIN
2022-03-15,152.89999389648438,156.4199981689453,150.1199951171875,155.97999572753906,4245400,False,2022-03-15,COIN
2022-03-16,160.47000122070312,173.07000732421875,160.0,172.52999877929688,5974300,False,2022-03-16,COIN
2022-03-17,170.72999572753906,177.5,168.0,177.22000122070312,2975900,False,2022-03-17,COIN
2022-03-18,175.02999877929688,186.69000244140625,175.0,185.94000244140625,4835700,False,2022-03-18,COIN
2022-03-21,181.8000030517578,183.58999633789065,171.6999969482422,176.80999755859375,4214000,False,2022-03-21,COIN
2022-03-22,180.5,188.8099975585937,178.5,186.0800018310547,4086100,False,2022-03-22,COIN
2022-03-24,184.72000122070312,192.0,181.8000030517578,190.19000244140625,5848400,False,2022-03-24,
2022-03-25,192.0,195.6999969482422,182.8000030517578,186.7100067138672,3598300,False,2022-03-25,COIN
2022-03-28,193.3099975585937,203.2700042724609,193.009994506836,201.4100036621093,6624000,False,2022-03-28,COIN
2022-03-30,198.9499969482422,206.7899932861328,194.759994506836,196.6999969482422,8587400,False,2022-03-30,
2022-03-31,197.25,198.0800018310547,189.5599975585937,189.8600006103516,2999200,False,2022-03-31,COIN
2022-04-01,189.8600006103516,191.8699951171875,184.38999938964844,186.9600067138672,2975900,False,2022-04-01,COIN
2022-04-04,187.33999633789065,193.07000732421875,186.1600036621093,191.6499938964844,2488800,False,2022-04-04,COIN
2022-04-05,189.759994506836,191.3300018310547,176.25999450683594,177.1699981689453,5012800,False,2022-04-05,COIN
2022-04-06,172.8300018310547,174.3300018310547,165.00999450683594,166.83999633789062,4675300,False,2022-04-06,COIN
2022-04-07,166.7100067138672,169.4199981689453,160.67999267578125,166.19000244140625,3093600,False,2022-04-07,COIN
2022-04-08,165.2100067138672,166.0,160.1300048828125,160.94000244140625,2951000,False,2022-04-08,COIN
2022-04-12,156.57000732421875,157.55999755859375,149.41000366210938,149.85000610351562,8960200,False,2022-04-12,
2022-04-13,149.02999877929688,156.16000366210938,147.8000030517578,154.7899932861328,3740500,False,2022-04-13,COIN
2022-04-14,153.5399932861328,154.0,146.82000732421875,147.2899932861328,4082200,False,2022-04-14,COIN
2022-04-18,145.4499969482422,149.5,140.52999877929688,145.16000366210938,4668700,False,2022-04-18,COIN
2022-04-19,146.02000427246094,152.10000610351562,144.4499969482422,151.27000427246094,2916000,False,2022-04-19,COIN
2022-04-20,154.92999267578125,154.9600067138672,144.85000610351562,147.1300048828125,3486000,False,2022-04-20,COIN
2022-04-21,151.97000122070312,153.44000244140625,135.30999755859375,137.32000732421875,6252900,False,2022-04-21,COIN
2022-04-22,137.2899932861328,141.1999969482422,131.25,131.52000427246094,5162200,False,2022-04-22,COIN
2022-04-25,130.00999450683594,137.35000610351562,129.2899932861328,135.13999938964844,4066500,False,2022-04-25,COIN
2022-04-26,135.30999755859375,136.77000427246094,126.5199966430664,127.1500015258789,3717600,False,2022-04-26,COIN
2022-04-27,125.27999877929688,130.7100067138672,121.9800033569336,122.5500030517578,4658500,False,2022-04-27,COIN
2022-04-29,123.69000244140624,126.38999938964844,112.13999938964844,112.70999908447266,13831800,False,2022-04-29,
2022-05-02,113.06999969482422,122.29000091552734,111.8000030517578,121.33999633789062,6229400,False,2022-05-02,COIN
2022-05-04,120.2300033569336,132.80999755859375,119.97000122070312,130.14999389648438,11546000,False,2022-05-04,
2022-05-05,125.0,125.63999938964844,112.0500030517578,114.25,7324400,False,2022-05-05,COIN
2022-05-06,112.5,112.5,100.25,103.73999786376952,9026500,False,2022-05-06,COIN
2022-05-09,96.0,96.43000030517578,81.77999877929688,83.51000213623047,16845400,False,2022-05-09,COIN
2022-05-10,87.0,89.37999725341797,70.19000244140625,72.98999786376953,31780000,False,2022-05-10,COIN
2022-05-11,54.84999847412109,61.27999877929688,50.150001525878906,53.720001220703125,67080200,False,2022-05-11,COIN
2022-05-12,48.540000915527344,60.29999923706055,40.83000183105469,58.5,58789000,False,2022-05-12,COIN
2022-05-13,69.26000213623047,74.25,65.5,67.87000274658203,38264800,False,2022-05-13,COIN
2022-05-16,68.05999755859375,68.08000183105469,60.5099983215332,61.70000076293945,18685900,False,2022-05-16,COIN
2022-05-19,66.19999694824219,71.80999755859375,63.61000061035156,67.41999816894531,48700800,False,2022-05-19,
2022-05-23,68.6500015258789,68.6500015258789,62.04999923706055,66.0999984741211,27222000,False,2022-05-23,
2022-05-24,64.55999755859375,64.55999755859375,59.119998931884766,61.36000061035156,10714900,False,2022-05-24,COIN
2022-05-25,61.06999969482422,68.5,60.9900016784668,67.16999816894531,11062000,False,2022-05-25,COIN
2022-05-26,63.970001220703125,71.16999816894531,62.29999923706055,69.87000274658203,12000200,False,2022-05-26,COIN
2022-05-27,69.83999633789062,77.18000030517578,69.83999633789062,75.31999969482422,14112800,False,2022-05-27,COIN
2022-05-31,80.0,83.31999969482422,75.5999984741211,78.0999984741211,22623200,False,2022-05-31,COIN
2022-06-01,77.5,77.80000305175781,67.80000305175781,68.62999725341797,14608500,False,2022-06-01,COIN
2022-06-02,67.80000305175781,74.4800033569336,67.27999877929688,73.81999969482422,8607200,False,2022-06-02,COIN
2022-06-03,69.38999938964844,70.5,65.61000061035156,66.69000244140625,10213600,False,2022-06-03,COIN
2022-06-06,70.76000213623047,74.11000061035156,68.43000030517578,70.66999816894531,9352400,False,2022-06-06,COIN
2022-06-07,67.30999755859375,69.97000122070312,64.36000061035156,69.56999969482422,8485100,False,2022-06-07,COIN
2022-06-08,69.2300033569336,72.9800033569336,68.30000305175781,69.19999694824219,6276600,False,2022-06-08,COIN
2022-06-09,69.08000183105469,69.37999725341797,63.119998931884766,63.7599983215332,9349300,False,2022-06-09,COIN
2022-06-10,60.0,61.630001068115234,57.77000045776367,58.709999084472656,10982600,False,2022-06-10,COIN
2022-06-14,46.18000030517578,53.290000915527344,46.0,51.58000183105469,46391700,False,2022-06-14,
2022-06-15,50.93999862670898,56.65999984741211,50.45000076293945,55.0099983215332,16340100,False,2022-06-15,COIN
2022-06-16,52.58000183105469,54.43000030517578,50.08000183105469,51.04999923706055,13157700,False,2022-06-16,COIN
2022-06-17,50.119998931884766,52.79999923706055,49.27999877929688,51.220001220703125,11771000,False,2022-06-17,COIN
2022-06-21,54.20000076293945,60.75,54.09999847412109,57.4900016784668,16916200,False,2022-06-21,COIN
2022-06-22,53.869998931884766,56.75,51.56999969482422,51.90999984741211,18947700,False,2022-06-22,COIN
2022-06-23,53.59999847412109,59.619998931884766,51.83000183105469,58.880001068115234,15840700,False,2022-06-23,COIN
2022-06-24,60.0,64.08999633789062,59.33000183105469,62.709999084472656,24381400,False,2022-06-24,COIN
2022-06-27,59.560001373291016,60.45000076293945,55.02000045776367,55.959999084472656,15201600,False,2022-06-27,COIN
2022-06-28,56.2599983215332,57.25,50.33000183105469,51.18000030517578,10253500,False,2022-06-28,COIN
2022-06-29,50.5,51.459999084472656,48.59000015258789,49.75,9776200,False,2022-06-29,COIN
2022-06-30,48.20000076293945,48.400001525878906,44.150001525878906,47.02000045776367,12934400,False,2022-06-30,COIN
2022-07-05,47.9900016784668,55.81999969482422,47.52000045776367,55.40999984741211,21644400,False,2022-07-05,
2022-07-06,54.16999816894531,56.27000045776367,51.400001525878906,51.709999084472656,11881900,False,2022-07-06,COIN
2022-07-07,52.13999938964844,57.650001525878906,52.13999938964844,57.459999084472656,12318500,False,2022-07-07,COIN
2022-07-08,55.61000061035156,63.70000076293945,54.5099983215332,60.290000915527344,17950500,False,2022-07-08,COIN
2022-07-11,57.540000915527344,58.43000030517578,53.29999923706055,53.880001068115234,10705800,False,2022-07-11,COIN
2022-07-12,53.70000076293945,56.11000061035156,52.619998931884766,54.2400016784668,8466200,False,2022-07-12,COIN
2022-07-13,51.68000030517578,54.72999954223633,50.400001525878906,53.09999847412109,9439900,False,2022-07-13,COIN
2022-07-14,52.34000015258789,54.709999084472656,50.34000015258789,53.41999816894531,9682100,False,2022-07-14,COIN
2022-07-15,54.34999847412109,56.54999923706055,51.93000030517578,53.790000915527344,10714300,False,2022-07-15,COIN
2022-07-18,56.709999084472656,63.380001068115234,56.68999862670898,58.66999816894531,21226200,False,2022-07-18,COIN
2022-07-19,60.86000061035156,65.9800033569336,57.77999877929688,65.83000183105469,19210600,False,2022-07-19,COIN
2022-07-21,70.27999877929688,79.0,70.27999877929688,73.9800033569336,51333200,False,2022-07-21,
2022-07-22,76.19999694824219,76.56999969482422,69.08999633789062,70.81999969482422,12013300,False,2022-07-22,COIN
2022-07-25,68.93000030517578,69.9800033569336,66.30000305175781,67.06999969482422,8797600,False,2022-07-25,COIN
2022-07-27,60.61000061035156,60.61000061035156,52.630001068115234,58.83000183105469,45106000,False,2022-07-27,
2022-07-28,58.2400016784668,62.95000076293945,55.59000015258789,62.25,13674800,False,2022-07-28,COIN
2022-07-29,60.13999938964844,64.2300033569336,59.77000045776367,62.959999084472656,9113800,False,2022-07-29,COIN
2022-08-01,61.18999862670898,63.619998931884766,59.41999816894531,62.70000076293945,7361300,False,2022-08-01,COIN
2022-08-02,60.90999984741211,69.58999633789062,60.79999923706055,67.2300033569336,12142100,False,2022-08-02,COIN
2022-08-03,69.05000305175781,82.25,67.61000061035156,80.80999755859375,24784200,False,2022-08-03,COIN
2022-08-04,106.0999984741211,116.3000030517578,86.79000091552734,88.9000015258789,54342800,False,2022-08-04,COIN
2022-08-05,86.58000183105469,98.87000274658205,86.5199966430664,93.0500030517578,24865700,False,2022-08-05,COIN
2022-08-08,97.83999633789062,103.5500030517578,93.80999755859376,98.0199966430664,18878700,False,2022-08-08,COIN
2022-08-09,93.88999938964844,93.88999938964844,85.5999984741211,87.68000030517578,17411400,False,2022-08-09,COIN
2022-08-11,89.9800033569336,98.6999969482422,88.0,88.0,47065500,False,2022-08-11,
2022-08-12,85.2300033569336,92.4800033569336,83.29000091552734,90.48999786376952,13755200,False,2022-08-12,COIN
2022-08-16,89.11000061035156,95.5,88.58999633789062,90.38999938964844,28036300,False,2022-08-16,
2022-08-17,87.51000213623047,88.63999938964844,84.7699966430664,85.44000244140625,10697900,False,2022-08-17,COIN
2022-08-18,86.33000183105469,86.36000061035156,81.41999816894531,83.47000122070312,7923300,False,2022-08-18,COIN
2022-08-19,76.0,78.25,74.01000213623047,74.05999755859375,13727900,False,2022-08-19,COIN
2022-08-22,70.91000366210938,74.94000244140625,70.29000091552734,71.47000122070312,9082400,False,2022-08-22,COIN
2022-08-24,71.94999694824219,76.41000366210938,70.70999908447266,71.4800033569336,16273800,False,2022-08-24,
2022-08-25,71.83999633789062,72.44999694824219,68.5199966430664,71.37000274658203,8563500,False,2022-08-25,COIN
2022-08-30,69.4000015258789,69.4000015258789,64.62999725341797,67.02999877929688,26034900,False,2022-08-30,
2022-08-31,68.69999694824219,70.37999725341797,66.66000366210938,66.80000305175781,6707900,False,2022-08-31,COIN
2022-09-01,65.55000305175781,65.98999786376953,61.90999984741211,65.52999877929688,8046600,False,2022-09-01,COIN
2022-09-02,67.70999908447266,68.13999938964844,63.81999969482422,65.26000213623047,6392800,False,2022-09-02,COIN
2022-09-07,65.55999755859375,66.87999725341797,61.83000183105469,66.87999725341797,15886500,False,2022-09-07,
2022-09-08,66.36000061035156,73.33000183105469,65.5,73.08000183105469,9241500,False,2022-09-08,COIN
2022-09-09,78.19999694824219,81.04000091552734,75.1500015258789,80.87000274658203,15357100,False,2022-09-09,COIN
2022-09-12,82.5999984741211,84.58000183105469,80.5999984741211,82.55000305175781,12554900,False,2022-09-12,COIN
2022-09-14,75.33999633789062,78.08999633789062,74.11000061035156,78.08999633789062,22076000,False,2022-09-14,
2022-09-15,77.62999725341797,82.0,76.62999725341797,77.2300033569336,10950100,False,2022-09-15,COIN
2022-09-16,75.1500015258789,76.37000274658203,73.5999984741211,74.0,17089000,False,2022-09-16,COIN
2022-09-19,71.87999725341797,72.54000091552734,67.0,69.93000030517578,13135300,False,2022-09-19,COIN
2022-09-20,68.08999633789062,69.80000305175781,66.16999816894531,67.94000244140625,7974500,False,2022-09-20,COIN
2022-09-21,68.9000015258789,72.23999786376953,67.43000030517578,67.63999938964844,12344600,False,2022-09-21,COIN
2022-09-22,67.4000015258789,68.9800033569336,62.310001373291016,62.93999862670898,11156900,False,2022-09-22,COIN
2022-09-23,61.560001373291016,63.150001525878906,59.43000030517578,61.880001068115234,10932900,False,2022-09-23,COIN
2022-09-27,62.97999954223633,67.55000305175781,62.18000030517578,63.04999923706055,21423100,False,2022-09-27,
2022-09-28,62.79999923706055,67.73999786376953,62.7599983215332,67.30999755859375,8482700,False,2022-09-28,COIN
2022-09-29,64.62000274658203,65.02999877929688,60.2599983215332,61.93999862670898,11492100,False,2022-09-29,COIN
2022-09-30,61.25,67.58999633789062,61.06999969482422,64.48999786376953,10210300,False,2022-09-30,COIN
2022-10-03,64.94999694824219,67.86000061035156,61.91999816894531,65.94999694824219,10949200,False,2022-10-03,COIN
2022-10-05,69.27999877929688,74.62999725341797,69.27999877929688,72.97000122070312,21104100,False,2022-10-05,
2022-10-06,73.06999969482422,76.27999877929688,71.33999633789062,73.91000366210938,11103700,False,2022-10-06,COIN
2022-10-07,70.8499984741211,71.0999984741211,65.5,67.0,11427900,False,2022-10-07,COIN
2022-10-11,67.58000183105469,69.26000213623047,65.02999877929688,69.26000213623047,25419600,False,2022-10-11,
2022-10-12,69.73999786376953,71.8499984741211,67.81999969482422,69.94999694824219,8998900,False,2022-10-12,COIN
2022-10-13,63.65999984741211,69.62999725341797,61.060001373291016,69.26000213623047,18342000,False,2022-10-13,COIN
2022-10-18,71.8499984741211,73.9000015258789,66.33999633789062,66.33999633789062,38849600,False,2022-10-18,
2022-10-19,64.81999969482422,66.88999938964844,62.54999923706055,63.18999862670898,8601100,False,2022-10-19,COIN
2022-10-20,63.13999938964844,67.43000030517578,62.70000076293945,63.59000015258789,8938700,False,2022-10-20,COIN
2022-10-21,63.400001525878906,66.62999725341797,61.70000076293945,66.37999725341797,9156400,False,2022-10-21,COIN
2022-10-24,67.4000015258789,68.1500015258789,63.68000030517578,66.38999938964844,8111700,False,2022-10-24,COIN
2022-10-25,67.01000213623047,75.4000015258789,66.95999908447266,75.05000305175781,14446900,False,2022-10-25,COIN
2022-10-26,75.27999877929688,78.29000091552734,73.0999984741211,73.80999755859375,14102500,False,2022-10-26,COIN
2022-10-27,74.51000213623047,75.6500015258789,71.51000213623047,72.47000122070312,5967600,False,2022-10-27,COIN
2022-10-31,72.0,73.72000122070312,66.1500015258789,66.25,18020500,False,2022-10-31,
2022-11-01,69.0,69.70999908447266,63.130001068115234,63.290000915527344,8238200,False,2022-11-01,COIN
2022-11-02,63.400001525878906,66.20999908447266,60.54999923706055,60.709999084472656,12700900,False,2022-11-02,COIN
2022-11-03,59.400001525878906,61.880001068115234,55.75,55.79999923706055,14238800,False,2022-11-03,COIN
2022-11-04,60.400001525878906,63.43000030517578,56.400001525878906,58.81999969482422,18901400,False,2022-11-04,COIN
2022-11-07,60.0,60.9900016784668,54.220001220703125,56.970001220703125,13659100,False,2022-11-07,COIN
2022-11-08,54.5,58.45000076293945,47.68999862670898,50.83000183105469,61868200,False,2022-11-08,COIN
2022-11-09,47.09000015258789,49.68999862670898,44.619998931884766,45.97999954223633,42274200,False,2022-11-09,COIN
2022-11-15,54.59999847412109,58.290000915527344,54.59999847412109,55.52999877929688,92236100,False,2022-11-15,
2022-11-16,52.83000183105469,54.02999877929688,48.0,48.83000183105469,24054700,False,2022-11-16,COIN
2022-11-17,46.66999816894531,49.970001220703125,45.18000030517578,48.790000915527344,17974700,False,2022-11-17,COIN
2022-11-18,48.79999923706055,49.0,44.310001373291016,45.2599983215332,20287300,False,2022-11-18,COIN
2022-11-22,43.59999847412109,44.400001525878906,40.61000061035156,43.38999938964844,43165100,False,2022-11-22,
2022-11-25,43.84999847412109,46.16999816894531,43.70000076293945,44.27999877929688,21117300,False,2022-11-25,
2022-11-30,43.29999923706055,44.650001525878906,41.5099983215332,44.650001525878906,35151200,False,2022-11-30,
2022-12-02,45.81999969482422,47.70000076293945,44.43999862670898,47.66999816894531,21951500,False,2022-12-02,
2022-12-05,47.97999954223633,49.84999847412109,45.630001068115234,46.0,11228300,False,2022-12-05,COIN
2022-12-06,45.59999847412109,46.650001525878906,41.72999954223633,42.40999984741211,12156100,False,2022-12-06,COIN
2022-12-08,41.880001068115234,43.20000076293945,40.29999923706055,42.810001373291016,20186300,False,2022-12-08,
2022-12-14,41.59999847412109,41.900001525878906,38.5,40.18999862670898,56668700,False,2022-12-14,
2022-12-15,38.95000076293945,39.59999847412109,37.43999862670898,37.97999954223633,12013400,False,2022-12-15,COIN
2022-12-16,37.400001525878906,38.0099983215332,34.709999084472656,36.59999847412109,18247400,False,2022-12-16,COIN
2022-12-21,35.970001220703125,36.09999847412109,34.349998474121094,35.150001525878906,28000100,False,2022-12-21,
2022-12-22,34.93000030517578,35.349998474121094,32.95000076293945,34.59000015258789,10335700,False,2022-12-22,COIN
2022-12-23,34.77000045776367,35.97999954223633,33.66999816894531,35.4900016784668,8222700,False,2022-12-23,COIN
2022-12-27,34.5,34.560001373291016,32.439998626708984,32.650001525878906,10940800,False,2022-12-27,COIN
2022-12-28,32.58000183105469,33.47999954223633,31.82999992370605,32.529998779296875,7839700,False,2022-12-28,COIN
2022-12-29,33.459999084472656,35.33000183105469,33.369998931884766,34.779998779296875,7675500,False,2022-12-29,COIN
2023-01-03,33.959999084472656,36.93000030517578,33.630001068115234,33.630001068115234,16912200,False,2023-01-03,
2023-01-04,34.59000015258789,38.5,34.540000915527344,37.70000076293945,17737400,False,2023-01-04,COIN
2023-01-05,34.709999084472656,35.2599983215332,32.75,33.529998779296875,16934500,False,2023-01-05,COIN
2023-01-06,33.66999816894531,33.75,31.549999237060547,33.2599983215332,15527800,False,2023-01-06,COIN
2023-01-09,35.189998626708984,39.380001068115234,34.720001220703125,38.27000045776367,18904100,False,2023-01-09,COIN
2023-01-10,37.7599983215332,43.290000915527344,37.7400016784668,43.22999954223633,24496700,False,2023-01-10,COIN
2023-01-11,41.959999084472656,43.84000015258789,40.630001068115234,43.790000915527344,16152700,False,2023-01-11,COIN
2023-01-12,45.150001525878906,47.650001525878906,41.66999816894531,47.54999923706055,20514700,False,2023-01-12,COIN
2023-01-13,46.2400016784668,50.630001068115234,45.380001068115234,49.97999954223633,22437800,False,2023-01-13,COIN
2023-01-18,53.310001373291016,57.33000183105469,50.70000076293945,50.70000076293945,48426900,False,2023-01-18,
2023-01-19,49.209999084472656,51.0,47.91999816894531,49.41999816894531,14073300,False,2023-01-19,COIN
2023-01-20,50.380001068115234,55.18999862670898,48.79999923706055,55.15999984741211,15433900,False,2023-01-20,COIN
2023-01-24,55.0,56.68999862670898,53.34000015258789,53.560001373291016,30150300,False,2023-01-24,
2023-01-25,51.5,53.40999984741211,49.59999847412109,52.7599983215332,13343600,False,2023-01-25,COIN
2023-01-26,56.060001373291016,56.09999847412109,51.970001220703125,53.02000045776367,12614900,False,2023-01-26,COIN
2023-01-31,55.90999984741211,62.290000915527344,55.90999984741211,58.47999954223633,53736500,False,2023-01-31,
2023-02-01,59.08000183105469,66.22000122070312,56.650001525878906,65.69999694824219,18840800,False,2023-02-01,COIN
2023-02-02,68.45999908447266,85.54000091552734,68.30999755859375,81.45999908447266,43911200,False,2023-02-02,COIN
2023-02-03,73.72000122070312,87.62999725341797,73.0199966430664,74.62999725341797,37125500,False,2023-02-03,COIN
2023-02-06,73.18000030517578,75.9800033569336,70.5199966430664,74.58999633789062,17998400,False,2023-02-06,COIN
2023-02-07,73.43000030517578,73.4800033569336,67.30000305175781,71.41999816894531,19819700,False,2023-02-07,COIN
2023-02-08,70.83000183105469,73.97000122070312,68.30000305175781,69.44000244140625,11626500,False,2023-02-08,COIN
2023-02-09,68.48999786376953,68.93000030517578,59.0,59.630001068115234,23920200,False,2023-02-09,COIN
2023-02-10,58.2599983215332,61.7400016784668,55.970001220703125,57.09000015258789,17359900,False,2023-02-10,COIN
2023-02-13,55.52000045776367,57.09000015258789,53.65999984741211,56.400001525878906,14435900,False,2023-02-13,COIN
2023-02-14,56.33000183105469,61.08000183105469,55.02999877929688,59.02999877929688,23945800,False,2023-02-14,COIN
2023-02-15,60.209999084472656,69.45999908447266,59.459999084472656,69.33999633789062,25552900,False,2023-02-15,COIN
2023-02-16,65.9000015258789,73.30000305175781,63.90999984741211,65.58999633789062,31704800,False,2023-02-16,COIN
2023-02-23,64.6500015258789,64.6500015258789,57.34999847412109,62.36000061035156,92733900,False,2023-02-23,
2023-02-27,60.880001068115234,60.970001220703125,56.79999923706055,58.959999084472656,27589200,False,2023-02-27,
2023-03-01,63.09000015258789,67.5,63.09000015258789,64.66999816894531,40671000,False,2023-03-01,
2023-03-02,61.06999969482422,63.900001525878906,57.5,63.70000076293945,18091700,False,2023-03-02,COIN
2023-03-03,61.63999938964844,65.55999755859375,61.380001068115234,64.51000213623047,17579000,False,2023-03-03,COIN
2023-03-06,64.5999984741211,69.81999969482422,62.63999938964844,62.77000045776367,19826100,False,2023-03-06,COIN
2023-03-08,62.79999923706055,64.66000366210938,60.34999847412109,63.0099983215332,31249300,False,2023-03-08,
2023-03-09,62.38999938964844,64.12000274658203,57.209999084472656,58.09000015258789,20996600,False,2023-03-09,COIN
2023-03-13,56.38999938964844,56.40999984741211,50.77000045776367,56.40999984741211,57175700,False,2023-03-13,
2023-03-14,65.44999694824219,66.20999908447266,61.09999847412109,62.650001525878906,25167800,False,2023-03-14,COIN
2023-03-15,61.900001525878906,66.29000091552734,61.18000030517578,64.47000122070312,20825700,False,2023-03-15,COIN
2023-03-16,64.4000015258789,68.62000274658203,63.119998931884766,67.77999877929688,15474500,False,2023-03-16,COIN
2023-03-17,70.5199966430664,76.80000305175781,69.0999984741211,74.9800033569336,31006200,False,2023-03-17,COIN
2023-03-20,76.76000213623047,77.05999755859375,72.87000274658203,75.13999938964844,19026400,False,2023-03-20,COIN
2023-03-21,76.23999786376953,85.05000305175781,75.7699966430664,83.98999786376953,22991900,False,2023-03-21,COIN
2023-03-22,84.25,85.37999725341797,76.86000061035156,77.13999938964844,24463200,False,2023-03-22,COIN
2023-03-24,61.84999847412109,68.7300033569336,61.5099983215332,67.83000183105469,64766900,False,2023-03-24,
2023-03-28,64.05000305175781,64.05000305175781,60.5099983215332,63.040000915527344,35167200,False,2023-03-28,
2023-03-29,65.41999816894531,68.62999725341797,63.77000045776367,65.30000305175781,17673800,False,2023-03-29,COIN
2023-03-30,66.52999877929688,67.16999816894531,63.68000030517578,64.16000366210938,11563100,False,2023-03-30,COIN
2023-03-31,64.69999694824219,68.56999969482422,63.93000030517578,67.56999969482422,15926600,False,2023-03-31,COIN
2023-04-03,66.01000213623047,68.33000183105469,62.70000076293945,63.61000061035156,14040300,False,2023-04-03,COIN
2023-04-04,64.66000366210938,65.4000015258789,60.95000076293945,62.540000915527344,11654400,False,2023-04-04,COIN
2023-04-05,62.540000915527344,63.04999923706055,59.220001220703125,60.77999877929688,10788900,False,2023-04-05,COIN
2023-04-06,59.56999969482422,62.7400016784668,58.20000076293945,61.43999862670898,11875200,False,2023-04-06,COIN
2023-04-10,61.369998931884766,66.19000244140625,59.65999984741211,66.12999725341797,14391800,False,2023-04-10,COIN
2023-04-11,68.08999633789062,72.61000061035156,67.23999786376953,70.19000244140625,25348800,False,2023-04-11,COIN
2023-04-12,70.7699966430664,72.0199966430664,66.2300033569336,67.83999633789062,16773400,False,2023-04-12,COIN
2023-04-13,69.88999938964844,72.52999877929688,68.05000305175781,68.94999694824219,19718500,False,2023-04-13,COIN
2023-04-14,69.30000305175781,71.69999694824219,67.87000274658203,69.91000366210938,12887200,False,2023-04-14,COIN
2023-04-17,67.12000274658203,68.05000305175781,64.9000015258789,67.72000122070312,13344200,False,2023-04-17,COIN
2023-04-18,70.38999938964844,71.79000091552734,66.55000305175781,67.26000213623047,14835500,False,2023-04-18,COIN
2023-04-19,64.36000061035156,65.94000244140625,63.400001525878906,64.44000244140625,10327000,False,2023-04-19,COIN
2023-04-20,63.22999954223633,65.33000183105469,60.16999816894531,60.5,11452900,False,2023-04-20,COIN
2023-04-21,61.08000183105469,61.45000076293945,58.709999084472656,59.040000915527344,13235100,False,2023-04-21,COIN
2023-04-24,58.959999084472656,59.09000015258789,54.08000183105469,54.75,21135700,False,2023-04-24,COIN
2023-04-26,55.709999084472656,56.09000015258789,53.59999847412109,53.88999938964844,31144500,False,2023-04-26,
2023-04-27,54.66999816894531,55.720001220703125,53.58000183105469,54.16999816894531,12010900,False,2023-04-27,COIN
2023-04-28,53.650001525878906,54.52000045776367,52.16999816894531,53.790000915527344,11629800,False,2023-04-28,COIN
2023-05-01,53.16999816894531,54.380001068115234,48.45000076293945,50.13999938964844,18437900,False,2023-05-01,COIN
2023-05-03,50.20000076293945,51.59999847412109,48.2599983215332,48.4900016784668,30104000,False,2023-05-03,
2023-05-04,48.720001220703125,50.470001220703125,47.650001525878906,49.220001220703125,13044400,False,2023-05-04,COIN
2023-05-05,54.04999923706055,58.58000183105469,53.75,58.2400016784668,25585600,False,2023-05-05,COIN
2023-05-08,55.900001525878906,58.79999923706055,54.61000061035156,58.09999847412109,15259400,False,2023-05-08,COIN
2023-05-09,57.900001525878906,60.2400016784668,56.59000015258789,60.209999084472656,9641200,False,2023-05-09,COIN
2023-05-10,61.45000076293945,63.75,59.88999938964844,62.63999938964844,15481300,False,2023-05-10,COIN
2023-05-11,62.40999984741211,63.11000061035156,59.77000045776367,60.34999847412109,8843500,False,2023-05-11,COIN
2023-05-12,60.88999938964844,61.130001068115234,56.77000045776367,57.34000015258789,9111000,False,2023-05-12,COIN
2023-05-15,58.400001525878906,61.29999923706055,57.20000076293945,60.77000045776367,9429300,False,2023-05-15,COIN
2023-05-16,58.68000030517578,60.11000061035156,57.13999938964844,57.880001068115234,7867900,False,2023-05-16,COIN
2023-05-17,57.4900016784668,61.310001373291016,57.29999923706055,61.040000915527344,8998400,False,2023-05-17,COIN
2023-05-18,60.470001220703125,61.70000076293945,58.59999847412109,60.2599983215332,8330300,False,2023-05-18,COIN
2023-05-19,60.56999969482422,61.470001220703125,56.59000015258789,56.77999877929688,12520700,False,2023-05-19,COIN
2023-05-22,56.88999938964844,61.09999847412109,55.900001525878906,61.06999969482422,12683400,False,2023-05-22,COIN
2023-05-23,61.0,63.25,58.66999816894531,59.09999847412109,12208200,False,2023-05-23,COIN
2023-05-26,57.77999877929688,58.90999984741211,55.880001068115234,56.91999816894531,23983800,False,2023-05-26,
2023-05-30,60.09999847412109,63.380001068115234,59.22999954223633,61.16999816894531,14814200,False,2023-05-30,COIN
2023-05-31,59.29999923706055,62.59000015258789,59.209999084472656,62.20000076293945,10112600,False,2023-05-31,COIN
2023-06-02,62.0,66.36000061035156,62.0,64.55000305175781,20359800,False,2023-06-02,
2023-06-05,63.380001068115234,64.44000244140625,55.810001373291016,58.709999084472656,26413200,False,2023-06-05,COIN
2023-06-06,47.09999847412109,52.380001068115234,46.43000030517578,51.61000061035156,56259900,False,2023-06-06,COIN
2023-06-07,53.290000915527344,54.0,51.70000076293945,53.2599983215332,18905500,False,2023-06-07,COIN
2023-06-08,52.209999084472656,55.04999923706055,51.959999084472656,54.900001525878906,12773600,False,2023-06-08,COIN
2023-06-09,55.0,57.41999816894531,52.47999954223633,53.27999877929688,14394300,False,2023-06-09,COIN
2023-06-13,52.52999877929688,52.65999984741211,50.09999847412109,52.400001525878906,24008000,False,2023-06-13,
2023-06-14,52.810001373291016,54.790000915527344,51.560001373291016,53.900001525878906,11241200,False,2023-06-14,COIN
2023-06-15,52.709999084472656,54.58000183105469,50.93000030517578,54.25,11801700,False,2023-06-15,COIN
2023-06-20,55.40999984741211,57.93999862670898,53.900001525878906,57.09000015258789,27897700,False,2023-06-20,
2023-06-23,58.900001525878906,61.88999938964844,56.81999969482422,61.470001220703125,59495700,False,2023-06-23,
2023-06-26,61.09999847412109,66.16000366210938,61.0,61.93999862670898,20724100,False,2023-06-26,COIN
2023-06-27,63.79999923706055,70.37000274658203,62.84000015258789,69.88999938964844,25447400,False,2023-06-27,COIN
2023-06-30,70.83000183105469,74.97000122070312,70.83000183105469,71.55000305175781,62410700,False,2023-06-30,
2023-07-05,76.16000366210938,80.8499984741211,76.16000366210938,78.3499984741211,34561700,False,2023-07-05,
2023-07-06,78.05000305175781,78.45999908447266,74.5199966430664,78.0999984741211,11110400,False,2023-07-06,COIN
2023-07-10,78.1500015258789,81.37000274658203,77.62000274658203,81.20999908447266,24015200,False,2023-07-10,
2023-07-13,84.44999694824219,109.20999908447266,84.44999694824219,107.0,117848800,False,2023-07-13,
2023-07-17,106.68000030517578,114.43000030517578,103.5,105.5500030517578,61457700,False,2023-07-17,
2023-07-18,104.5,109.8499984741211,101.9000015258789,104.58999633789062,17567200,False,2023-07-18,COIN
2023-07-20,107.30999755859376,111.87999725341795,105.08000183105467,105.08000183105467,31195400,False,2023-07-20,
2023-07-21,102.56999969482422,104.33000183105467,98.70999908447266,100.81999969482422,10481800,False,2023-07-21,COIN
2023-07-24,99.2300033569336,100.38999938964844,95.6999969482422,98.8499984741211,9755700,False,2023-07-24,COIN
2023-07-25,99.33999633789062,102.58999633789062,97.62999725341795,97.68000030517578,7726000,False,2023-07-25,COIN
2023-07-28,96.91999816894533,96.91999816894533,91.8000030517578,94.76000213623048,26036100,False,2023-07-28,
2023-07-31,94.75,100.1999969482422,94.58999633789062,98.61000061035156,8493000,False,2023-07-31,COIN
2023-08-01,95.87999725341795,95.9499969482422,89.2300033569336,94.1500015258789,11543600,False,2023-08-01,COIN
2023-08-04,91.4499969482422,93.44000244140624,86.69999694824219,87.30999755859375,34183000,False,2023-08-04,
2023-08-07,87.19999694824219,87.30000305175781,82.08999633789062,85.95999908447266,10019500,False,2023-08-07,COIN
2023-08-08,87.08999633789062,88.98999786376953,84.55000305175781,88.04000091552734,8986900,False,2023-08-08,COIN
2023-08-09,88.52999877929688,88.9000015258789,84.08000183105469,84.33999633789062,7987100,False,2023-08-09,COIN
2023-08-10,85.0,88.48999786376953,82.51000213623047,83.38999938964844,7697600,False,2023-08-10,COIN
2023-08-11,82.05999755859375,83.4800033569336,80.47000122070312,81.01000213623047,5791100,False,2023-08-11,COIN
2023-08-14,80.04000091552734,81.98999786376953,78.91000366210938,80.80999755859375,5753500,False,2023-08-14,COIN
2023-08-15,81.1500015258789,83.0999984741211,79.11000061035156,79.18000030517578,7397300,False,2023-08-15,COIN
2023-08-16,82.51000213623047,82.8499984741211,77.80000305175781,79.0,10140200,False,2023-08-16,COIN
2023-08-17,78.37999725341797,79.18000030517578,75.4000015258789,75.55999755859375,9261600,False,2023-08-17,COIN
2023-08-21,72.33999633789062,75.25,72.0999984741211,75.25,17526700,False,2023-08-21,
2023-08-22,76.69000244140625,77.45999908447266,74.0199966430664,74.9000015258789,6322000,False,2023-08-22,COIN
2023-08-23,74.3499984741211,78.16999816894531,74.06999969482422,77.77999877929688,6460900,False,2023-08-23,COIN
2023-08-24,77.76000213623047,78.04000091552734,73.37999725341797,73.66000366210938,5585700,False,2023-08-24,COIN
2023-08-28,74.31999969482422,74.70999908447266,72.41000366210938,73.70999908447266,9180600,False,2023-08-28,
2023-08-29,73.5,86.26000213623047,73.16999816894531,84.69999694824219,24067300,False,2023-08-29,COIN
2023-08-30,83.55999755859375,86.5,82.56999969482422,83.83000183105469,9448000,False,2023-08-30,COIN
2023-08-31,84.43000030517578,84.56999969482422,78.9000015258789,79.5999984741211,8466400,False,2023-08-31,COIN
2023-09-01,80.0,80.3499984741211,77.1500015258789,77.98999786376953,6676500,False,2023-09-01,COIN
2023-09-05,78.0,79.29000091552734,76.27999877929688,77.5,4949000,False,2023-09-05,COIN
2023-09-07,77.37999725341797,82.06999969482422,76.75,81.79000091552734,13060200,False,2023-09-07,
2023-09-11,81.63999938964844,83.19999694824219,80.3499984741211,80.62000274658203,12901300,False,2023-09-11,
2023-09-12,82.0199966430664,86.36000061035156,80.54000091552734,81.31999969482422,10519300,False,2023-09-12,COIN
2023-09-13,81.88999938964844,83.1500015258789,79.62000274658203,79.86000061035156,5925700,False,2023-09-13,COIN
2023-09-14,81.66999816894531,84.0999984741211,81.26000213623047,83.44999694824219,7145100,False,2023-09-14,COIN
2023-09-15,82.73999786376953,83.31999969482422,79.94999694824219,82.1500015258789,6272300,False,2023-09-15,COIN
2023-09-18,83.80000305175781,84.3499984741211,81.22000122070312,81.61000061035156,6246700,False,2023-09-18,COIN
2023-09-19,82.1500015258789,82.4000015258789,77.7699966430664,78.12999725341797,7567400,False,2023-09-19,COIN
2023-09-20,78.62000274658203,80.58999633789062,76.55999755859375,76.66999816894531,5459200,False,2023-09-20,COIN
2023-09-22,74.37999725341797,75.19000244140625,70.80999755859375,70.95999908447266,12856400,False,2023-09-22,
2023-09-25,69.91000366210938,72.36000061035156,69.62999725341797,71.75,5057500,False,2023-09-25,COIN
2023-09-26,71.73999786376953,73.08999633789062,69.70999908447266,70.5199966430664,5168200,False,2023-09-26,COIN
2023-09-27,72.72000122070312,73.4800033569336,69.94999694824219,71.5199966430664,5324600,False,2023-09-27,COIN
2023-09-28,72.58999633789062,77.12999725341797,71.51000213623047,75.16000366210938,8252400,False,2023-09-28,COIN
2023-10-02,76.75,79.94999694824219,74.56999969482422,75.30999755859375,15456500,False,2023-10-02,
2023-10-03,74.33999633789062,75.6500015258789,71.75,72.4800033569336,5815500,False,2023-10-03,COIN
2023-10-04,73.19999694824219,74.11000061035156,70.41000366210938,73.47000122070312,7613700,False,2023-10-04,COIN
2023-10-05,73.52999877929688,75.4800033569336,72.0999984741211,74.62000274658203,6229300,False,2023-10-05,COIN
2023-10-06,72.47000122070312,78.94999694824219,72.31999969482422,78.45999908447266,7931300,False,2023-10-06,COIN
2023-10-09,76.54000091552734,80.05999755859375,76.5,79.0999984741211,5631300,False,2023-10-09,COIN
2023-10-10,79.0,82.06999969482422,77.97000122070312,79.62000274658203,5645100,False,2023-10-10,COIN
2023-10-11,79.2699966430664,80.48999786376953,75.5999984741211,77.3499984741211,6474100,False,2023-10-11,COIN
2023-10-12,77.04000091552734,77.18000030517578,74.44999694824219,75.19000244140625,5338600,False,2023-10-12,COIN
2023-10-13,75.0,75.19000244140625,72.0999984741211,73.43000030517578,6148400,False,2023-10-13,COIN
2023-10-17,77.61000061035156,79.30000305175781,74.5,77.45999908447266,20068100,False,2023-10-17,
2023-10-18,76.87999725341797,78.37999725341797,73.77999877929688,73.93000030517578,5123400,False,2023-10-18,COIN
2023-10-19,74.27999877929688,76.16999816894531,72.72000122070312,73.0999984741211,5391200,False,2023-10-19,COIN
2023-10-23,74.63999938964844,80.7300033569336,73.5,77.20999908447266,22059000,False,2023-10-23,
2023-10-24,83.29000091552734,89.4000015258789,80.88999938964844,82.06999969482422,23689500,False,2023-10-24,COIN
2023-10-25,83.51000213623047,84.08999633789062,77.4000015258789,77.79000091552734,13773200,False,2023-10-25,COIN
2023-10-26,77.19999694824219,79.16000366210938,73.1500015258789,74.61000061035156,8294500,False,2023-10-26,COIN
2023-10-30,74.08000183105469,74.08000183105469,70.41999816894531,73.5999984741211,15465200,False,2023-10-30,
2023-10-31,73.5999984741211,77.47000122070312,73.55999755859375,77.12000274658203,6334600,False,2023-10-31,COIN
2023-11-01,77.41999816894531,79.41000366210938,75.87000274658203,77.80999755859375,6878600,False,2023-11-01,COIN
2023-11-02,81.70999908447266,84.80000305175781,80.80999755859375,84.5999984741211,12596200,False,2023-11-02,COIN
2023-11-03,83.79000091552734,88.33999633789062,82.05000305175781,85.80000305175781,12193500,False,2023-11-03,COIN
2023-11-06,86.81999969482422,89.2699966430664,84.08999633789062,86.37000274658203,9881900,False,2023-11-06,COIN
2023-11-08,86.19999694824219,89.48999786376953,84.69000244140625,88.31999969482422,14048300,False,2023-11-08,
2023-11-10,92.9000015258789,99.81999969482422,91.8000030517578,92.91999816894533,30769300,False,2023-11-10,
2023-11-13,91.77999877929688,93.2699966430664,88.62000274658203,92.63999938964844,8860400,False,2023-11-13,COIN
2023-11-14,94.91000366210938,95.31999969482422,89.79000091552734,92.08999633789062,10137700,False,2023-11-14,COIN
2023-11-17,94.9000015258789,100.1500015258789,94.9000015258789,99.0500030517578,26404500,False,2023-11-17,
2023-11-21,101.33999633789062,106.45999908447266,101.33999633789062,105.48999786376952,20311100,False,2023-11-21,
2023-11-22,106.16999816894533,109.98999786376952,103.36000061035156,109.25,10340100,False,2023-11-22,COIN
2023-11-24,108.4499969482422,116.94000244140624,107.9800033569336,115.54000091552734,11654600,False,2023-11-24,COIN
2023-11-27,112.58000183105467,121.45999908447266,112.18000030517578,119.7699966430664,14205900,False,2023-11-27,COIN
2023-11-28,122.0500030517578,129.25999450683594,119.6999969482422,128.27000427246094,17639100,False,2023-11-28,COIN
2023-11-29,127.81999969482422,131.4199981689453,126.3000030517578,127.81999969482422,13908800,False,2023-11-29,COIN
2023-11-30,126.05999755859376,127.13999938964844,118.4000015258789,124.72000122070312,14074000,False,2023-11-30,COIN
2023-12-01,126.38999938964844,134.3300018310547,125.87999725341795,133.75999450683594,13693500,False,2023-12-01,COIN
2023-12-04,143.52999877929688,146.3000030517578,137.60000610351562,141.08999633789062,21561900,False,2023-12-04,COIN
2023-12-05,140.0,147.86000061035156,139.17999267578125,140.1999969482422,18303400,False,2023-12-05,COIN
2023-12-06,142.5,143.44000244140625,134.1199951171875,134.6300048828125,12584400,False,2023-12-06,COIN
2023-12-07,131.02000427246094,138.47999572753906,130.1699981689453,136.19000244140625,9795700,False,2023-12-07,COIN
2023-12-12,136.19000244140625,146.74000549316406,135.99000549316406,139.6199951171875,32487500,False,2023-12-12,
2023-12-13,139.6199951171875,150.64999389648438,137.14999389648438,150.4600067138672,12514900,False,2023-12-13,COIN
2023-12-14,152.10000610351562,154.74000549316406,149.10000610351562,153.6300048828125,12095100,False,2023-12-14,COIN
2023-12-18,151.80999755859375,151.9199981689453,144.0,151.9199981689453,21762200,False,2023-12-18,
2023-12-19,155.5,162.08999633789062,153.61000061035156,161.16000366210938,13906800,False,2023-12-19,COIN
2023-12-20,164.72999572753906,169.47999572753906,160.07000732421875,161.86000061035156,16021900,False,2023-12-20,COIN
2023-12-21,166.7100067138672,170.1699981689453,163.10000610351562,168.02999877929688,12081500,False,2023-12-21,COIN
2023-12-26,169.77000427246094,178.6999969482422,169.0500030517578,172.0500030517578,28377700,False,2023-12-26,
2023-12-27,176.32000732421875,186.97000122070312,175.5,185.2400054931641,15569900,False,2023-12-27,COIN
2023-12-28,179.30999755859375,187.38999938964844,177.75,186.3600006103516,17276300,False,2023-12-28,COIN
2023-12-29,186.0599975585937,187.25,171.0,173.9199981689453,19724400,False,2023-12-29,COIN
2024-01-02,173.02000427246094,175.57000732421875,155.35000610351562,156.8800048828125,26549400,False,2024-01-02,COIN
2024-01-03,146.0,156.25,144.11000061035156,152.24000549316406,18573800,False,2024-01-03,COIN
2024-01-09,152.5,161.3800048828125,151.32000732421875,151.99000549316406,56835200,False,2024-01-09,
2024-01-11,149.2100067138672,153.47000122070312,140.00999450683594,141.16000366210938,50472400,False,2024-01-11,
2024-01-12,137.19000244140625,141.07000732421875,130.3699951171875,130.77999877929688,20392800,False,2024-01-12,COIN
2024-01-18,129.44000244140625,134.25999450683594,123.93000030517578,124.33999633789062,37442300,False,2024-01-18,
2024-01-19,124.33999633789062,124.81999969482422,118.0199966430664,124.75,16692600,False,2024-01-19,COIN
2024-01-22,124.0500030517578,131.77999877929688,122.5,128.2100067138672,12042600,False,2024-01-22,COIN
2024-01-23,122.41000366210938,126.1500015258789,120.33000183105467,124.19000244140624,9737100,False,2024-01-23,COIN
2024-01-24,127.27999877929688,127.97000122070312,120.79000091552734,121.33999633789062,9118900,False,2024-01-24,COIN
2024-01-25,122.37999725341795,124.26000213623048,118.91999816894533,121.01000213623048,8166400,False,2024-01-25,COIN
2024-01-26,127.5199966430664,128.10000610351562,121.45999908447266,125.1999969482422,13956300,False,2024-01-26,COIN
2024-01-30,130.44000244140625,136.88999938964844,130.44000244140625,130.82000732421875,26559400,False,2024-01-30,
2024-01-31,129.08999633789062,135.5500030517578,127.56999969482422,128.1999969482422,9838800,False,2024-01-31,COIN
2024-02-02,128.75,130.1300048828125,124.23999786376952,129.22000122070312,14574300,False,2024-02-02,
2024-02-07,120.9000015258789,120.9000015258789,114.51000213623048,120.9000015258789,28793000,False,2024-02-07,
2024-02-08,127.22000122070312,133.0500030517578,125.80999755859376,132.5500030517578,11315900,False,2024-02-08,COIN
2024-02-09,142.16000366210938,144.5500030517578,137.1699981689453,141.99000549316406,15985100,False,2024-02-09,COIN
2024-02-12,141.10000610351562,150.35000610351562,140.99000549316406,147.30999755859375,10977100,False,2024-02-12,COIN
2024-02-13,138.38999938964844,143.75,137.1300048828125,140.38999938964844,9568800,False,2024-02-13,COIN
2024-02-14,151.8300018310547,161.1300048828125,150.39999389648438,160.3800048828125,18041800,False,2024-02-14,COIN
2024-02-15,168.7899932861328,172.82000732421875,162.0800018310547,165.6699981689453,22992800,False,2024-02-15,COIN
2024-02-16,189.0500030517578,193.63999938964844,178.8000030517578,180.3099975585937,33233300,False,2024-02-16,COIN
2024-02-20,179.8699951171875,181.3099975585937,163.38999938964844,173.3000030517578,16196500,False,2024-02-20,COIN
2024-02-21,164.25,168.08999633789062,161.19000244140625,162.41000366210938,10622100,False,2024-02-21,COIN
2024-02-22,164.85000610351562,171.99000549316406,163.8000030517578,170.91000366210938,9027300,False,2024-02-22,COIN
2024-02-23,167.3800048828125,170.0,160.66000366210938,165.97999572753906,7191200,False,2024-02-23,COIN
2024-02-26,168.66000366210938,196.9499969482422,168.39999389648438,193.94000244140625,22593700,False,2024-02-26,COIN
2024-02-27,205.17999267578125,209.94000244140625,192.08999633789065,199.22000122070312,22679100,False,2024-02-27,COIN
2024-02-28,209.4100036621093,212.22000122070312,197.6600036621093,200.8000030517578,25397100,False,2024-02-28,COIN
2024-03-01,206.38999938964844,206.38999938964844,193.8800048828125,205.7700042724609,25535200,False,2024-03-01,
2024-03-04,217.38999938964844,236.4600067138672,212.25,229.1499938964844,23294900,False,2024-03-04,COIN
2024-03-06,230.0,239.97999572753903,223.02999877929688,238.5500030517578,41800000,False,2024-03-06,
2024-03-07,240.0,242.8699951171875,235.5,242.6199951171875,10553700,False,2024-03-07,COIN
2024-03-08,246.0,270.54998779296875,244.8999938964844,256.6199951171875,21884000,False,2024-03-08,COIN
2024-03-11,270.0799865722656,271.6499938964844,253.9600067138672,254.1699981689453,20296400,False,2024-03-11,COIN
2024-03-12,257.8299865722656,260.7900085449219,242.08999633789065,256.1400146484375,14666200,False,2024-03-12,COIN
2024-03-13,253.3600006103516,269.3900146484375,250.52999877929688,251.72999572753903,17329800,False,2024-03-13,COIN
2024-03-14,245.0,248.2700042724609,227.2400054931641,233.6699981689453,18789300,False,2024-03-14,COIN
2024-03-18,225.0599975585937,244.0500030517578,222.8300018310547,239.6199951171875,26990800,False,2024-03-18,
2024-03-19,223.2400054931641,233.2899932861328,216.1600036621093,230.1199951171875,12928500,False,2024-03-19,COIN
2024-03-20,231.3800048828125,256.9599914550781,228.8000030517578,256.8800048828125,13834300,False,2024-03-20,COIN
2024-03-21,260.239990234375,276.3800048828125,256.2699890136719,262.0,16199900,False,2024-03-21,COIN
2024-03-22,254.2400054931641,260.7200012207031,249.5500030517578,255.509994506836,9828200,False,2024-03-22,COIN
2024-03-26,266.69000244140625,283.4800109863281,266.69000244140625,266.8099975585937,24257900,False,2024-03-26,
2024-03-28,270.7900085449219,270.7900085449219,253.9499969482422,265.1199951171875,22294200,False,2024-03-28,
2024-04-01,261.8699951171875,268.8099975585937,249.22000122070312,252.1100006103516,10010700,False,2024-04-01,COIN
2024-04-02,238.1000061035156,248.1300048828125,235.9900054931641,245.83999633789065,8817600,False,2024-04-02,COIN
2024-04-03,244.0399932861328,256.0,243.0,251.5800018310547,6670200,False,2024-04-03,COIN
2024-04-04,260.1499938964844,261.5,249.4600067138672,249.6100006103516,8098300,False,2024-04-04,COIN
2024-04-05,244.9100036621093,253.9600067138672,240.1999969482422,240.8999938964844,8438600,False,2024-04-05,COIN
2024-04-08,252.8600006103516,261.6300048828125,249.67999267578125,256.989990234375,10042200,False,2024-04-08,COIN
2024-04-09,253.22999572753903,254.5500030517578,241.1000061035156,242.9499969482422,7792700,False,2024-04-09,COIN
2024-04-10,238.2400054931641,251.2700042724609,234.1199951171875,250.9900054931641,8416000,False,2024-04-10,COIN
2024-04-11,250.9900054931641,264.29998779296875,247.3099975585937,263.010009765625,8655100,False,2024-04-11,COIN
2024-04-12,259.4200134277344,259.9700012207031,244.3099975585937,245.75,9051600,False,2024-04-12,COIN
2024-04-15,247.94000244140625,249.7400054931641,222.13999938964844,223.4100036621093,11239800,False,2024-04-15,COIN
2024-04-16,223.0,223.0,205.6699981689453,218.8300018310547,16472100,False,2024-04-16,COIN
2024-04-17,222.0399932861328,224.8699951171875,205.8999938964844,213.77999877929688,9440200,False,2024-04-17,COIN
2024-04-18,215.57000732421875,228.0500030517578,213.25,218.0800018310547,9403900,False,2024-04-18,COIN
2024-04-22,223.8300018310547,227.13999938964844,210.17999267578125,225.8600006103516,17571000,False,2024-04-22,
2024-04-23,223.6199951171875,238.6699981689453,223.6100006103516,236.42999267578125,7338400,False,2024-04-23,COIN
2024-04-24,236.8300018310547,239.0,223.8699951171875,224.3699951171875,6737400,False,2024-04-24,COIN
2024-04-25,216.0500030517578,225.94000244140625,213.63999938964844,223.6100006103516,5143500,False,2024-04-25,COIN
2024-04-26,220.7700042724609,237.0200042724609,218.6600036621093,236.32000732421875,6044900,False,2024-04-26,COIN
2024-04-29,229.94000244140625,230.32000732421875,216.5399932861328,218.1600036621093,9576100,False,2024-04-29,COIN
2024-05-01,214.3500061035156,216.57000732421875,198.1999969482422,210.08999633789065,19319400,False,2024-05-01,
2024-05-03,216.5500030517578,232.7100067138672,216.5500030517578,223.25,26193300,False,2024-05-03,
2024-05-06,225.83999633789065,235.8000030517578,224.8999938964844,226.92999267578125,9690600,False,2024-05-06,COIN
2024-05-07,226.94000244140625,230.82000732421875,214.1199951171875,214.33999633789065,8169600,False,2024-05-07,COIN
2024-05-08,209.5,214.8999938964844,206.52999877929688,211.1999969482422,4615400,False,2024-05-08,COIN
2024-05-10,210.22000122070312,213.8500061035156,200.5,200.9199981689453,12073200,False,2024-05-10,
2024-05-14,204.0,206.6699981689453,194.92999267578125,203.0500030517578,12898200,False,2024-05-14,
2024-05-15,212.2100067138672,221.3999938964844,207.6999969482422,219.9100036621093,9339300,False,2024-05-15,COIN
2024-05-17,210.6699981689453,210.6699981689453,198.63999938964844,207.6000061035156,20874100,False,2024-05-17,
2024-05-20,207.9600067138672,226.259994506836,203.72000122070312,225.19000244140625,11223300,False,2024-05-20,COIN
2024-05-21,231.97000122070312,233.6499938964844,220.1199951171875,225.77999877929688,10704500,False,2024-05-21,COIN
2024-05-22,225.009994506836,238.7700042724609,221.2100067138672,231.509994506836,8933700,False,2024-05-22,COIN
2024-05-23,233.8099975585937,234.32000732421875,217.6600036621093,218.8600006103516,9428300,False,2024-05-23,COIN
2024-05-24,221.0,237.7899932861328,220.0500030517578,237.6499938964844,10249200,False,2024-05-24,COIN
2024-05-29,235.4499969482422,247.1300048828125,233.17999267578125,236.6499938964844,17645100,False,2024-05-29,
2024-05-30,241.1000061035156,248.8600006103516,233.3800048828125,234.759994506836,9318800,False,2024-05-30,COIN
2024-06-03,239.1999969482422,239.1999969482422,219.1699981689453,231.38999938964844,17456200,False,2024-06-03,
2024-06-04,230.22999572753903,247.1999969482422,230.1600036621093,244.1999969482422,10854300,False,2024-06-04,COIN
2024-06-05,246.8600006103516,251.88999938964844,240.6999969482422,251.3999938964844,9383500,False,2024-06-05,COIN
2024-06-06,250.0,263.79998779296875,248.75,257.0799865722656,9494600,False,2024-06-06,COIN
2024-06-07,256.19000244140625,263.17999267578125,243.8600006103516,244.1600036621093,9315300,False,2024-06-07,COIN
2024-06-10,241.1100006103516,253.42999267578125,239.52999877929688,249.8099975585937,6335900,False,2024-06-10,COIN
2024-06-11,242.92999267578125,245.6600036621093,234.08999633789065,244.1999969482422,8991300,False,2024-06-11,COIN
2024-06-12,251.8000030517578,263.260009765625,250.5800018310547,254.9600067138672,11134700,False,2024-06-12,COIN
2024-06-13,253.7700042724609,257.1300048828125,243.259994506836,247.63999938964844,8666200,False,2024-06-13,COIN
2024-06-14,246.1600036621093,250.25,237.0599975585937,244.5,7146500,False,2024-06-14,COIN
2024-06-18,239.8699951171875,242.8000030517578,234.22999572753903,235.9499969482422,12861800,False,2024-06-18,
2024-06-20,237.3600006103516,240.4900054931641,228.44000244140625,235.02999877929688,6888900,False,2024-06-20,COIN
2024-06-21,227.0,228.25,220.7100067138672,225.8600006103516,11335400,False,2024-06-21,COIN
2024-06-24,217.22000122070312,221.44000244140625,207.7100067138672,212.3099975585937,10762000,False,2024-06-24,COIN
2024-06-26,217.0,223.72999572753903,213.22000122070312,214.5800018310547,14589300,False,2024-06-26,
2024-06-28,218.8000030517578,225.759994506836,218.8000030517578,222.22999572753903,16586100,False,2024-06-28,
2024-07-02,226.32000732421875,236.0399932861328,226.32000732421875,227.509994506836,12146800,False,2024-07-02,
2024-07-03,223.8099975585937,227.1100006103516,222.22000122070312,224.94000244140625,3241700,False,2024-07-03,COIN
2024-07-05,213.47999572753903,225.1300048828125,209.4499969482422,223.67999267578125,10148500,False,2024-07-05,COIN
2024-07-09,226.509994506836,226.509994506836,218.67999267578125,219.97000122070312,10960100,False,2024-07-09,
2024-07-12,221.63999938964844,222.1499938964844,213.57000732421875,218.0200042724609,16468800,False,2024-07-12,
2024-07-15,229.3800048828125,247.5,228.0,242.8500061035156,14439500,False,2024-07-15,COIN
2024-07-16,243.19000244140625,252.1199951171875,234.1999969482422,251.4900054931641,10270700,False,2024-07-16,COIN
2024-07-17,245.8999938964844,255.8999938964844,241.3099975585937,249.1000061035156,8883300,False,2024-07-17,COIN
2024-07-18,251.2100067138672,253.8699951171875,230.57000732421875,233.2400054931641,8848500,False,2024-07-18,COIN
2024-07-19,235.1000061035156,259.79998779296875,233.5,257.7900085449219,12501900,False,2024-07-19,COIN
2024-07-22,260.4700012207031,266.0,252.83999633789065,265.1499938964844,11282200,False,2024-07-22,COIN
2024-07-23,263.6000061035156,272.54998779296875,257.2900085449219,257.6300048828125,9275600,False,2024-07-23,COIN
2024-07-24,261.0,265.0,243.75,245.0599975585937,8141100,False,2024-07-24,COIN
2024-07-25,239.259994506836,241.63999938964844,226.3000030517578,231.5200042724609,8482500,False,2024-07-25,COIN
2024-07-29,243.33999633789065,255.4199981689453,237.5599975585937,237.5599975585937,17385100,False,2024-07-29,
2024-07-31,234.1100006103516,234.1100006103516,223.02999877929688,224.3600006103516,10825600,False,2024-07-31,
2024-08-01,226.6000061035156,227.1000061035156,207.82000732421875,212.63999938964844,8920000,False,2024-08-01,COIN
2024-08-02,213.1199951171875,219.3000030517578,199.3800048828125,204.44000244140625,10063900,False,2024-08-02,COIN
2024-08-06,162.00999450683594,197.3999938964844,161.1300048828125,194.1699981689453,25785200,False,2024-08-06,
2024-08-09,196.8000030517578,199.9499969482422,189.77999877929688,196.2899932861328,21001900,False,2024-08-09,
2024-08-12,194.3000030517578,197.69000244140625,188.2899932861328,191.7400054931641,5742800,False,2024-08-12,COIN
2024-08-13,193.1300048828125,201.1000061035156,191.8699951171875,197.94000244140625,4795500,False,2024-08-13,COIN
2024-08-14,200.8999938964844,201.97000122070312,192.3999938964844,195.9600067138672,5027000,False,2024-08-14,COIN
2024-08-15,198.5200042724609,205.07000732421875,196.1999969482422,197.1199951171875,6068300,False,2024-08-15,COIN
2024-08-16,199.0,205.9499969482422,197.13999938964844,205.3099975585937,6240500,False,2024-08-16,COIN
2024-08-20,203.33999633789065,209.8000030517578,200.3500061035156,200.3500061035156,18657900,False,2024-08-20,
2024-08-21,197.1600036621093,207.0,195.1100006103516,206.22999572753903,7502400,False,2024-08-21,COIN
2024-08-22,204.77999877929688,207.1000061035156,197.42999267578125,198.42999267578125,5284900,False,2024-08-22,COIN
2024-08-26,202.67999267578125,211.9199981689453,202.67999267578125,204.0,13741300,False,2024-08-26,
2024-08-27,201.83999633789065,202.5,194.1000061035156,198.3000030517578,5992900,False,2024-08-27,COIN
2024-08-28,195.0200042724609,197.4900054931641,187.72999572753903,190.1999969482422,4995700,False,2024-08-28,COIN
2024-08-29,194.0,196.5,187.6000061035156,188.27999877929688,3841800,False,2024-08-29,COIN
2024-08-30,189.22000122070312,189.94000244140625,180.0399932861328,183.3600006103516,7307200,False,2024-08-30,COIN
2024-09-03,182.0,182.6999969482422,168.07000732421875,169.1300048828125,9746600,False,2024-09-03,COIN
2024-09-04,166.5,169.0399932861328,160.6699981689453,163.22000122070312,7826400,False,2024-09-04,COIN
2024-09-05,161.6199951171875,166.3699951171875,158.1199951171875,159.6999969482422,5732700,False,2024-09-05,COIN
2024-09-09,157.39999389648438,157.39999389648438,146.1199951171875,155.0500030517578,20283300,False,2024-09-09,
2024-09-11,155.00999450683594,159.13999938964844,149.9499969482422,157.14999389648438,12242200,False,2024-09-11,
2024-09-12,158.61000061035156,165.42999267578125,156.10000610351562,162.88999938964844,6689300,False,2024-09-12,COIN
2024-09-13,162.24000549316406,168.92999267578125,161.5800018310547,163.0500030517578,5953600,False,2024-09-13,COIN
2024-09-16,158.5,163.16000366210938,155.8800048828125,161.5,4686200,False,2024-09-16,COIN
2024-09-17,164.13999938964844,167.6699981689453,160.5,162.4499969482422,5225200,False,2024-09-17,COIN
2024-09-18,161.5399932861328,169.10000610351562,160.8000030517578,162.63999938964844,5027400,False,2024-09-18,COIN
2024-09-19,172.0,175.38999938964844,167.0,168.24000549316406,9299100,False,2024-09-19,COIN
2024-09-20,168.99000549316406,173.38999938964844,165.39999389648438,170.08999633789062,8152300,False,2024-09-20,COIN
2024-09-23,171.3000030517578,173.57000732421875,168.6999969482422,170.22000122070312,4933200,False,2024-09-23,COIN
2024-09-24,170.3800048828125,172.25,163.80999755859375,171.67999267578125,6035500,False,2024-09-24,COIN
2024-09-25,170.3000030517578,173.94000244140625,166.8800048828125,167.0800018310547,5359900,False,2024-09-25,COIN
2024-09-26,170.61000061035156,181.4900054931641,170.25999450683594,179.92999267578125,12455200,False,2024-09-26,COIN
2024-09-27,183.07000732421875,192.4499969482422,179.5,191.22999572753903,10563400,False,2024-09-27,COIN
2024-09-30,184.19000244140625,185.4100036621093,177.0,178.1699981689453,11710000,False,2024-09-30,COIN
2024-10-03,166.41000366210938,166.41000366210938,160.0,163.10000610351562,27390200,False,2024-10-03,
2024-10-04,167.9600067138672,171.24000549316406,164.0,170.91000366210938,6852400,False,2024-10-04,COIN
2024-10-07,172.0,176.14999389648438,166.88999938964844,168.9199981689453,6797500,False,2024-10-07,COIN
2024-10-08,166.36000061035156,170.0500030517578,165.02000427246094,167.69000244140625,5696100,False,2024-10-08,COIN
2024-10-09,167.69000244140625,172.49000549316406,165.77999877929688,166.97000122070312,5725000,False,2024-10-09,COIN
2024-10-10,166.0500030517578,167.30999755859375,161.8699951171875,164.27000427246094,5379900,False,2024-10-10,COIN
2024-10-11,165.5399932861328,179.17999267578125,165.22000122070312,176.3800048828125,10767100,False,2024-10-11,COIN
2024-10-14,181.19000244140625,197.69000244140625,178.27000427246094,196.3500061035156,18131400,False,2024-10-14,COIN
2024-10-15,195.67999267578125,204.8999938964844,188.3099975585937,196.33999633789065,17324800,False,2024-10-15,COIN
2024-10-17,203.52999877929688,212.4199981689453,201.1300048828125,204.1999969482422,22878000,False,2024-10-17,
2024-10-21,208.1300048828125,220.259994506836,208.1300048828125,213.72000122070312,26256000,False,2024-10-21,
2024-10-22,209.4499969482422,215.9499969482422,207.3000030517578,210.72000122070312,7485100,False,2024-10-22,COIN
2024-10-23,206.3000030517578,209.6999969482422,194.6000061035156,198.92999267578125,10350100,False,2024-10-23,COIN
2024-10-24,206.8699951171875,210.5500030517578,200.8000030517578,209.1600036621093,9925400,False,2024-10-24,COIN
2024-10-25,208.3000030517578,213.6699981689453,203.3999938964844,205.0399932861328,9261300,False,2024-10-25,COIN
2024-10-28,213.3500061035156,218.0,210.5,216.1000061035156,10458700,False,2024-10-28,COIN
2024-10-29,220.9100036621093,223.8999938964844,216.1100006103516,219.6600036621093,11542200,False,2024-10-29,COIN
2024-10-30,213.1000061035156,220.4600067138672,209.47000122070312,211.7400054931641,9515900,False,2024-10-30,COIN
2024-11-01,190.94000244140625,190.94000244140625,178.82000732421875,182.8800048828125,33335400,False,2024-11-01,
2024-11-04,180.08999633789062,186.9499969482422,176.3800048828125,186.2700042724609,11348800,False,2024-11-04,COIN
2024-11-05,185.58999633789065,197.25,185.509994506836,193.9600067138672,9950800,False,2024-11-05,COIN
2024-11-06,221.47999572753903,257.67999267578125,221.1100006103516,254.3099975585937,35456000,False,2024-11-06,COIN
2024-11-07,245.6300048828125,259.69000244140625,242.33999633789065,255.5800018310547,16655300,False,2024-11-07,COIN
2024-11-08,257.6700134277344,273.5,257.1499938964844,270.739990234375,17431700,False,2024-11-08,COIN
2024-11-12,306.1000061035156,334.8599853515625,306.1000061035156,319.1300048828125,67257100,False,2024-11-12,
2024-11-13,325.010009765625,332.3500061035156,282.6600036621094,284.7200012207031,27997400,False,2024-11-13,COIN
2024-11-14,290.8099975585937,292.57000732421875,274.29998779296875,278.8399963378906,17375300,False,2024-11-14,COIN
2024-11-15,282.510009765625,306.4599914550781,276.0199890136719,305.8500061035156,18020600,False,2024-11-15,COIN
2024-11-20,315.5,341.75,315.5,320.010009765625,61930500,False,2024-11-20,
2024-11-22,311.3699951171875,311.3699951171875,288.54998779296875,304.6400146484375,37374600,False,2024-11-22,
2024-11-25,309.0,317.4599914550781,291.20001220703125,312.2200012207031,14645900,False,2024-11-25,COIN
2024-11-26,298.260009765625,309.20001220703125,289.1300048828125,293.2900085449219,13215700,False,2024-11-26,COIN
2024-11-27,302.7799987792969,314.2900085449219,295.3599853515625,310.9800109863281,13290800,False,2024-11-27,COIN
2024-12-02,311.95001220703125,316.29998779296875,299.5,302.3999938964844,20771300,False,2024-12-02,
2024-12-03,296.7799987792969,314.42999267578125,296.6499938964844,309.3500061035156,10069300,False,2024-12-03,COIN
2024-12-04,312.0,332.0,309.1199951171875,330.94000244140625,15798000,False,2024-12-04,COIN
2024-12-05,343.3599853515625,349.489990234375,315.1700134277344,320.57000732421875,19769900,False,2024-12-05,COIN
2024-12-06,328.5599975585937,349.75,325.5,343.6199951171875,16759200,False,2024-12-06,COIN
2024-12-09,339.9100036621094,340.1600036621094,309.67999267578125,310.5199890136719,16974800,False,2024-12-09,COIN
2024-12-10,318.0299987792969,318.739990234375,298.5199890136719,302.4200134277344,11930600,False,2024-12-10,COIN
2024-12-12,311.8500061035156,323.5,308.82000732421875,312.9599914550781,18577800,False,2024-12-12,
2024-12-13,316.0,317.17999267578125,305.25,310.5799865722656,5832600,False,2024-12-13,COIN
2024-12-16,316.8999938964844,326.2300109863281,314.7699890136719,315.3099975585937,11461400,False,2024-12-16,COIN
2024-12-17,319.8299865722656,323.07000732421875,303.5,311.6400146484375,7440600,False,2024-12-17,COIN
2024-12-18,308.0,312.1400146484375,275.8099975585937,279.8599853515625,12615200,False,2024-12-18,COIN
2024-12-19,290.6400146484375,295.4800109863281,268.8800048828125,273.9200134277344,11708600,False,2024-12-19,COIN
2024-12-23,266.1300048828125,275.3299865722656,261.8699951171875,268.1499938964844,16863300,False,2024-12-23,
2024-12-24,273.2200012207031,284.0,271.8599853515625,279.6199951171875,4805100,False,2024-12-24,COIN
2024-12-26,275.5799865722656,279.239990234375,271.3900146484375,274.4100036621094,4410400,False,2024-12-26,COIN
2024-12-27,274.20001220703125,274.25,263.2099914550781,265.7099914550781,5554000,False,2024-12-27,COIN
2024-12-31,259.9800109863281,260.5,246.3699951171875,248.3000030517578,13142000,False,2024-12-31,
2025-01-02,256.4800109863281,262.3099975585937,251.0,257.2099914550781,6289500,False,2025-01-02,COIN
2025-01-03,259.8900146484375,271.5899963378906,258.5899963378906,270.6499938964844,5990800,False,2025-01-03,COIN
2025-01-06,279.07000732421875,293.6000061035156,271.75,287.760009765625,10835000,False,2025-01-06,COIN
2025-01-07,286.739990234375,287.5799865722656,260.239990234375,264.3299865722656,11614700,False,2025-01-07,COIN
2025-01-08,263.8800048828125,267.0,252.9900054931641,260.010009765625,5951100,False,2025-01-08,COIN
2025-01-10,257.7699890136719,261.8699951171875,248.0500030517578,258.7799987792969,5579200,False,2025-01-10,COIN
2025-01-13,246.97999572753903,251.8099975585937,240.7700042724609,251.1999969482422,7019500,False,2025-01-13,COIN
2025-01-14,261.7300109863281,263.0,251.0,255.3699951171875,5704100,False,2025-01-14,COIN
2025-01-15,266.8699951171875,278.32000732421875,264.44000244140625,274.92999267578125,9113900,False,2025-01-15,COIN
2025-01-16,274.0,285.0199890136719,268.1400146484375,281.6300048828125,6751100,False,2025-01-16,COIN
2025-01-21,292.0,303.1000061035156,289.3299865722656,294.19000244140625,24202500,False,2025-01-21,
2025-01-22,290.4599914550781,298.79998779296875,286.2799987792969,295.8500061035156,6668900,False,2025-01-22,COIN
2025-01-23,289.739990234375,303.5599975585937,287.8999938964844,296.010009765625,11534800,False,2025-01-23,COIN
2025-01-24,300.0,310.6099853515625,297.6199951171875,298.0,9763300,False,2025-01-24,COIN
2025-01-28,283.70001220703125,284.8399963378906,265.20001220703125,281.82000732421875,16755400,False,2025-01-28,
2025-01-29,281.82000732421875,294.3800048828125,277.010009765625,291.0,6255900,False,2025-01-29,COIN
2025-01-30,293.7099914550781,306.0,293.0199890136719,301.29998779296875,8637500,False,2025-01-30,COIN
2025-01-31,300.8599853515625,304.7300109863281,287.2200012207031,291.3299865722656,6514500,False,2025-01-31,COIN
2025-02-03,272.9800109863281,288.760009765625,269.29998779296875,284.4100036621094,9517700,False,2025-02-03,COIN
2025-02-04,283.0,289.3900146484375,278.6300048828125,280.3900146484375,6013500,False,2025-02-04,COIN
2025-02-05,283.6099853515625,285.760009765625,274.5599975585937,275.1400146484375,5344600,False,2025-02-05,COIN
2025-02-07,279.5199890136719,282.57000732421875,269.0,274.489990234375,14603300,False,2025-02-07,
2025-02-10,280.3999938964844,285.5599975585937,274.6000061035156,280.2200012207031,5521800,False,2025-02-10,COIN
2025-02-11,277.54998779296875,279.0,265.8299865722656,266.8999938964844,6915000,False,2025-02-11,COIN
2025-02-12,264.3900146484375,277.79998779296875,263.4800109863281,274.8999938964844,6362800,False,2025-02-12,COIN
2025-02-13,284.0,302.3999938964844,282.5,298.1099853515625,18900200,False,2025-02-13,COIN
2025-02-14,288.0199890136719,291.54998779296875,274.0,274.3099975585937,19269700,False,2025-02-14,COIN
2025-02-18,278.79998779296875,279.17999267578125,260.5,264.6300048828125,11564800,False,2025-02-18,COIN
2025-02-19,265.760009765625,267.0,257.67999267578125,258.6700134277344,6813800,False,2025-02-19,COIN
2025-02-21,260.6600036621094,262.25,234.759994506836,235.3800048828125,23596200,False,2025-02-21,
2025-02-24,239.13999938964844,240.2400054931641,223.6000061035156,227.07000732421875,12125000,False,2025-02-24,COIN
2025-02-26,218.57000732421875,218.57000732421875,205.1199951171875,212.9600067138672,23064200,False,2025-02-26,
2025-02-27,218.1300048828125,221.5800018310547,207.7899932861328,208.3699951171875,8082400,False,2025-02-27,COIN
2025-02-28,205.2700042724609,216.44000244140625,201.1000061035156,215.6199951171875,9031200,False,2025-02-28,COIN
2025-03-03,232.22999572753903,233.3999938964844,203.44000244140625,205.75,15997800,False,2025-03-03,COIN
2025-03-04,200.5200042724609,218.94000244140625,193.08999633789065,212.5500030517578,13060900,False,2025-03-04,COIN
2025-03-05,214.88999938964844,223.1499938964844,208.0,222.4499969482422,9581600,False,2025-03-05,COIN
2025-03-06,214.509994506836,226.6000061035156,213.0,214.1699981689453,8405400,False,2025-03-06,COIN
2025-03-07,214.88999938964844,222.0500030517578,206.7700042724609,217.4499969482422,8615100,False,2025-03-07,COIN
2025-03-11,195.69000244140625,195.69000244140625,176.85000610351562,191.69000244140625,30046300,False,2025-03-11,
2025-03-12,195.3999938964844,199.1999969482422,183.75,191.72999572753903,9616800,False,2025-03-12,COIN
2025-03-14,186.7400054931641,186.7400054931641,177.11000061035156,183.1199951171875,19013800,False,2025-03-14,
2025-03-17,182.0,193.2400054931641,180.7700042724609,188.9600067138672,7216500,False,2025-03-17,COIN
2025-03-18,185.0,186.4900054931641,178.77999877929688,181.13999938964844,7408200,False,2025-03-18,COIN
2025-03-19,184.8300018310547,193.77999877929688,182.8000030517578,189.75,8194200,False,2025-03-19,COIN
2025-03-20,185.88999938964844,193.92999267578125,185.8800048828125,190.3800048828125,6718000,False,2025-03-20,COIN
2025-03-21,185.57000732421875,190.72000122070312,183.75,189.8600006103516,7344800,False,2025-03-21,COIN
2025-03-24,197.5,203.25,194.4199981689453,203.0399932861328,9489500,False,2025-03-24,COIN
2025-03-25,202.1300048828125,206.92999267578125,198.33999633789065,204.22999572753903,7877700,False,2025-03-25,COIN
2025-03-26,203.0,206.0,192.2899932861328,193.9499969482422,7113400,False,2025-03-26,COIN
2025-03-27,192.97000122070312,195.3300018310547,187.8000030517578,188.5800018310547,5426300,False,2025-03-27,COIN
2025-03-28,185.72000122070312,186.7899932861328,172.99000549316406,173.92999267578125,10040200,False,2025-03-28,COIN
2025-03-31,169.3800048828125,173.5800018310547,163.52000427246094,172.22999572753906,7781300,False,2025-03-31,COIN
2025-04-01,172.82000732421875,176.0500030517578,168.5500030517578,174.52000427246094,5489700,False,2025-04-01,COIN
2025-04-02,170.57000732421875,184.1100006103516,170.35000610351562,182.9499969482422,8208600,False,2025-04-02,COIN
2025-04-03,168.5800018310547,172.02999877929688,164.64999389648438,170.75999450683594,9556200,False,2025-04-03,COIN
2025-04-04,166.02000427246094,167.5,147.1699981689453,160.5500030517578,14570800,False,2025-04-04,COIN
2025-04-07,146.0399932861328,167.39999389648438,142.5800018310547,157.27999877929688,13251700,False,2025-04-07,COIN
2025-04-08,165.1999969482422,167.8000030517578,147.35000610351562,151.47000122070312,11117400,False,2025-04-08,COIN
2025-04-15,172.3000030517578,183.8999938964844,172.3000030517578,175.57000732421875,46020200,False,2025-04-15,
2025-04-16,170.5,174.8000030517578,168.5,172.2100067138672,5226700,False,2025-04-16,COIN
2025-04-17,172.60000610351562,177.5,171.3000030517578,175.02999877929688,5125300,False,2025-04-17,COIN
2025-04-21,175.10000610351562,177.97999572753906,171.41000366210938,175.0,5054700,False,2025-04-21,COIN
2025-04-22,178.7899932861328,193.4900054931641,178.39999389648438,190.0,12807000,False,2025-04-22,COIN
2025-04-23,197.75,200.8000030517578,191.5200042724609,194.8000030517578,9870200,False,2025-04-23,COIN
2025-04-24,193.4199981689453,204.2100067138672,193.1000061035156,203.8699951171875,6840600,False,2025-04-24,COIN
2025-04-25,205.57000732421875,211.6199951171875,203.7400054931641,209.63999938964844,8060900,False,2025-04-25,COIN
2025-04-29,207.3999938964844,207.3999938964844,197.4199981689453,206.1300048828125,11879100,False,2025-04-29,
2025-04-30,199.6699981689453,203.0399932861328,195.5500030517578,202.88999938964844,4769400,False,2025-04-30,COIN
2025-05-01,208.4600067138672,208.75,201.1600036621093,201.3000030517578,6243200,False,2025-05-01,COIN
2025-05-02,204.6999969482422,209.0,202.3600006103516,204.92999267578125,6133300,False,2025-05-02,COIN
2025-05-05,201.72999572753903,204.1100006103516,198.6499938964844,199.3999938964844,5108700,False,2025-05-05,COIN
2025-05-06,195.3800048828125,198.759994506836,193.33999633789065,196.88999938964844,4672600,False,2025-05-06,COIN
2025-05-07,199.8300018310547,200.47999572753903,193.8099975585937,196.5599975585937,4825700,False,2025-05-07,COIN
2025-05-12,205.6100006103516,214.1300048828125,205.6100006103516,207.22000122070312,45718400,False,2025-05-12,
2025-05-13,231.7100067138672,260.4200134277344,231.4900054931641,256.8999938964844,39119000,False,2025-05-13,COIN
2025-05-14,256.8599853515625,264.489990234375,253.5500030517578,263.4100036621094,18344700,False,2025-05-14,COIN
2025-05-15,256.5,257.8500061035156,240.0,244.44000244140625,25917200,False,2025-05-15,COIN
2025-05-19,259.70001220703125,270.45001220703125,259.70001220703125,263.989990234375,85065100,False,2025-05-19,
2025-05-20,265.1199951171875,265.3599853515625,257.25,261.3800048828125,8624600,False,2025-05-20,COIN
2025-05-21,260.20001220703125,270.3800048828125,257.75,258.989990234375,11748000,False,2025-05-21,COIN
2025-05-22,265.1300048828125,277.010009765625,263.510009765625,271.95001220703125,15613700,False,2025-05-22,COIN
2025-05-23,263.0,268.0400085449219,260.3399963378906,263.1600036621094,9290300,False,2025-05-23,COIN
2025-05-27,269.0199890136719,270.1000061035156,264.6700134277344,266.3999938964844,7884500,False,2025-05-27,COIN
2025-05-28,265.70001220703125,265.70001220703125,253.8000030517578,254.2899932861328,8305300,False,2025-05-28,COIN
2025-05-29,258.7200012207031,258.94000244140625,246.759994506836,248.83999633789065,7673400,False,2025-05-29,COIN
2025-05-30,246.8699951171875,249.9600067138672,244.1300048828125,246.6199951171875,6070900,False,2025-05-30,COIN
2025-06-02,247.4600067138672,249.8600006103516,240.9100036621093,246.72000122070312,6188000,False,2025-06-02,COIN
2025-06-03,248.38999938964844,260.6000061035156,246.22000122070312,258.9100036621094,9946400,False,2025-06-03,COIN
2025-06-05,257.5199890136719,265.6499938964844,254.33999633789065,254.33999633789065,17998700,False,2025-06-05,
2025-06-06,250.52999877929688,256.1700134277344,249.77999877929688,251.2700042724609,7360200,False,2025-06-06,COIN
2025-06-10,255.6600036621093,262.3999938964844,252.3999938964844,254.94000244140625,11922800,False,2025-06-10,
2025-06-11,257.2099914550781,259.8999938964844,249.0599975585937,250.67999267578125,5986100,False,2025-06-11,COIN
2025-06-12,246.5200042724609,247.75,239.3500061035156,241.0500030517578,7725300,False,2025-06-12,COIN
2025-06-13,237.4499969482422,243.1999969482422,235.2899932861328,242.7100067138672,7062700,False,2025-06-13,COIN
2025-06-17,248.67999267578125,263.29998779296875,248.67999267578125,253.8500061035156,21085500,False,2025-06-17,
2025-06-18,254.0,299.32000732421875,251.8800048828125,295.2900085449219,37434300,False,2025-06-18,COIN
2025-06-23,303.5799865722656,314.25,298.1000061035156,307.5899963378906,49022500,False,2025-06-23,
2025-06-24,314.3900146484375,348.9700012207031,311.8999938964844,344.82000732421875,29670900,False,2025-06-24,COIN
2025-06-25,360.6000061035156,369.2799987792969,343.6199951171875,355.3699951171875,30154300,False,2025-06-25,COIN
2025-06-26,354.5299987792969,382.0,354.5299987792969,375.0700073242188,27371400,False,2025-06-26,COIN
2025-06-30,360.4500122070313,360.4500122070313,346.6600036621094,350.489990234375,40228000,False,2025-06-30,
2025-07-01,339.9800109863281,353.3999938964844,334.0,335.3299865722656,13132100,False,2025-07-01,COIN
2025-07-02,340.5799865722656,357.1600036621094,338.67999267578125,354.45001220703125,12493100,False,2025-07-02,COIN
2025-07-03,350.3500061035156,357.8699951171875,348.5,355.79998779296875,6704300,False,2025-07-03,COIN
2025-07-08,354.20001220703125,368.7900085449219,351.0,354.82000732421875,17620300,False,2025-07-08,
2025-07-09,358.6300048828125,374.0,353.2900085449219,373.8500061035156,13238400,False,2025-07-09,COIN
2025-07-10,372.4100036621094,389.1600036621094,369.0,388.9599914550781,17241600,False,2025-07-10,COIN
2025-07-11,390.1900024414063,395.5,378.3699951171875,387.05999755859375,16694600,False,2025-07-11,COIN
2025-07-15,392.5,400.8800048828125,388.5799865722656,388.5799865722656,29362800,False,2025-07-15,
2025-07-16,392.7999877929688,405.8800048828125,391.4599914550781,398.2000122070313,14355800,False,2025-07-16,COIN
2025-07-17,399.7000122070313,415.9599914550781,394.2799987792969,410.75,16840500,False,2025-07-17,COIN
2025-07-21,419.8200073242188,444.6499938964844,413.4400024414063,413.6300048828125,45081300,False,2025-07-21,
2025-07-22,419.1000061035156,420.9800109863281,394.3699951171875,404.4400024414063,14554900,False,2025-07-22,COIN
2025-07-23,399.989990234375,400.7200012207031,387.1199951171875,397.80999755859375,12433200,False,2025-07-23,COIN
2025-07-24,404.25,405.30999755859375,392.0,396.7000122070313,7904600,False,2025-07-24,COIN
2025-07-25,391.8999938964844,397.4800109863281,386.3900146484375,391.6600036621094,8643300,False,2025-07-25,COIN
2025-07-28,394.6199951171875,395.3900146484375,375.260009765625,379.489990234375,11270400,False,2025-07-28,COIN
2025-07-29,383.5899963378906,384.7799987792969,365.739990234375,371.4400024414063,9334700,False,2025-07-29,COIN
2025-07-30,382.9500122070313,386.5799865722656,372.7099914550781,377.4800109863281,11100000,False,2025-07-30,COIN
2025-07-31,382.8900146484375,387.1400146484375,376.8299865722656,377.760009765625,12371200,False,2025-07-31,COIN
2025-08-04,324.0,324.0,310.54998779296875,318.1700134277344,43448600,False,2025-08-04,
2025-08-05,307.1099853515625,312.8500061035156,297.20001220703125,297.989990234375,16863900,False,2025-08-05,COIN
2025-08-06,297.54998779296875,304.7699890136719,293.3099975585937,303.5799865722656,15982700,False,2025-08-06,COIN
2025-08-07,311.2300109863281,317.94000244140625,306.9800109863281,310.7900085449219,13857200,False,2025-08-07,COIN
2025-08-08,311.44000244140625,313.70001220703125,301.2300109863281,310.5400085449219,9253800,False,2025-08-08,COIN
2025-08-11,322.1000061035156,333.6600036621094,318.79998779296875,319.6199951171875,14664400,False,2025-08-11,COIN
2025-08-12,329.3500061035156,329.8599853515625,314.1600036621094,322.6199951171875,9947800,False,2025-08-12,COIN
2025-08-13,328.2099914550781,345.3900146484375,321.5299987792969,327.010009765625,15399800,False,2025-08-13,COIN
2025-08-14,320.489990234375,327.45001220703125,316.79998779296875,324.8900146484375,9403600,False,2025-08-14,COIN
2025-08-18,311.2300109863281,323.3999938964844,307.1099853515625,320.7300109863281,25419796,False,2025-08-18,
2025-08-19,320.69000244140625,322.5899963378906,301.45001220703125,302.07000732421875,10269800,False,2025-08-19,COIN
2025-08-21,304.2699890136719,305.0,291.4599914550781,300.2799987792969,14249600,False,2025-08-21,
2025-08-25,305.1000061035156,322.260009765625,305.1000061035156,306.0,47354606,False,2025-08-25,
2025-08-26,304.0,309.20001220703125,300.3699951171875,308.4800109863281,7706400,False,2025-08-26,COIN
2025-08-28,307.2099914550781,315.95001220703125,306.69000244140625,308.4700012207031,11989900,False,2025-08-28,
2025-09-02,306.19000244140625,308.20001220703125,295.3999938964844,303.5599975585937,33213749,False,2025-09-02,
2025-09-03,305.010009765625,308.3699951171875,301.1499938964844,302.3099975585937,5205900,False,2025-09-03,COIN
2025-09-08,306.6000061035156,306.6000061035156,292.5599975585937,302.20001220703125,48883548,False,2025-09-08,
2025-09-09,303.7699890136719,319.3900146484375,303.6000061035156,318.7799987792969,10338300,False,2025-09-09,COIN
2025-09-11,321.3999938964844,328.6700134277344,315.5299987792969,323.95001220703125,16269500,False,2025-09-11,
2025-09-15,328.0249938964844,329.489990234375,320.9599914550781,327.0199890136719,34469950,False,2025-09-15,
