Date,Open,High,Low,Close,Volume,Ticker
2024-03-27,115.0,135.0,115.0,131.25,4960400,GEV
2024-03-28,137.92999267578125,137.92999267578125,129.9600067138672,136.75,2239100,GEV
2024-04-01,141.00999450683594,144.3300018310547,137.07000732421875,142.02000427246094,1029500,GEV
2024-04-02,142.85000610351562,152.47999572753906,138.63999938964844,140.0,18246100,GEV
2024-04-03,142.3000030517578,144.0,135.8000030517578,137.33999633789062,8866900,GEV
2024-04-04,136.0,139.35000610351562,125.26000213623048,126.05999755859376,14207700,GEV
2024-04-05,125.5,128.17999267578125,119.0,122.6999969482422,16054800,GEV
2024-04-08,126.12999725341795,131.9499969482422,125.86000061035156,129.9600067138672,12195000,GEV
2024-04-09,130.8699951171875,133.60000610351562,128.25,132.1699981689453,9143500,GEV
2024-04-10,129.5,139.92999267578125,128.94000244140625,138.3699951171875,8376800,GEV
2024-04-11,139.1999969482422,139.32000732421875,136.41000366210938,136.57000732421875,5326900,GEV
2024-04-12,135.0,138.11000061035156,133.55499267578125,134.0,3765200,GEV
2024-04-15,134.60000610351562,135.32000732421875,129.85000610351562,131.75,3724900,GEV
2024-04-16,132.5,133.0500030517578,128.25,130.07000732421875,5870900,GEV
2024-04-17,132.0399932861328,138.17999267578125,131.25,134.75,6154600,GEV
2024-04-18,138.14999389648438,138.41000366210938,135.42999267578125,137.22000122070312,5022300,GEV
2024-04-19,137.25,140.58999633789062,134.90499877929688,135.10000610351562,4518800,GEV
2024-04-22,135.52000427246094,137.13999938964844,132.11000061035156,136.69000244140625,2435000,GEV
2024-04-23,138.4600067138672,148.35000610351562,137.8699951171875,147.8300018310547,4682800,GEV
2024-04-24,147.0,149.89999389648438,144.35000610351562,146.17999267578125,4684600,GEV
2024-04-25,143.0,152.13999938964844,138.67300415039062,148.30999755859375,6069300,GEV
2024-04-26,153.63999938964844,157.25,150.1999969482422,153.07000732421875,4230500,GEV
2024-04-29,153.5800018310547,159.5500030517578,153.5800018310547,159.00999450683594,5416300,GEV
2024-04-30,158.13999938964844,163.10000610351562,152.25,153.7100067138672,3490100,GEV
2024-05-01,154.19000244140625,156.6999969482422,149.42100524902344,151.6699981689453,3396800,GEV
2024-05-02,153.52999877929688,155.44000244140625,151.65899658203125,153.8300018310547,2530700,GEV
2024-05-03,155.6300048828125,167.1699981689453,155.13999938964844,166.25999450683594,4635100,GEV
2024-05-06,167.16000366210938,171.1699981689453,164.50999450683594,169.13999938964844,4007000,GEV
2024-05-07,168.66000366210938,173.5,167.1649932861328,167.36000061035156,2884800,GEV
2024-05-08,167.0,167.00999450683594,163.22500610351562,164.0,3679700,GEV
2024-05-09,165.0,168.72000122070312,164.64999389648438,166.39999389648438,4022600,GEV
2024-05-10,169.0,170.8000030517578,165.99000549316406,167.27000427246094,3459600,GEV
2024-05-13,165.0,167.5500030517578,160.17999267578125,161.52999877929688,4413800,GEV
2024-05-14,160.69000244140625,166.55499267578125,158.86000061035156,165.6300048828125,3855400,GEV
2024-05-15,168.36000061035156,172.35000610351562,166.95599365234375,167.8699951171875,2572000,GEV
2024-05-16,168.02999877929688,170.0,166.35000610351562,166.39999389648438,1604400,GEV
2024-05-17,166.8800048828125,167.63999938964844,160.94000244140625,162.6199951171875,1937200,GEV
2024-05-20,163.05999755859375,164.3000030517578,160.2100067138672,160.9499969482422,1736100,GEV
2024-05-21,160.24000549316406,164.49000549316406,159.07000732421875,163.92999267578125,1945300,GEV
2024-05-22,164.2899932861328,167.36000061035156,163.0,163.85000610351562,2018900,GEV
2024-05-23,166.4199981689453,170.0,161.44000244140625,161.6699981689453,3139000,GEV
2024-05-24,162.80999755859375,177.77000427246094,162.08999633789062,177.42999267578125,4294100,GEV
2024-05-28,178.33999633789062,182.77999877929688,176.77999877929688,178.08999633789062,2632700,GEV
2024-05-29,176.0,178.69000244140625,174.0959930419922,177.32000732421875,1537700,GEV
2024-05-30,176.97000122070312,177.80999755859375,174.5,175.0800018310547,2034100,GEV
2024-05-31,177.10000610351562,179.76499938964844,165.39999389648438,175.89999389648438,5454900,GEV
2024-06-03,178.92999267578125,179.0,166.44000244140625,170.3699951171875,3434800,GEV
2024-06-04,168.35000610351562,169.41000366210938,161.3300018310547,163.0399932861328,5279800,GEV
2024-06-05,165.08999633789062,168.3000030517578,162.47000122070312,163.49000549316406,8005500,GEV
2024-06-06,163.25,164.1300048828125,155.5,160.30999755859375,5249000,GEV
2024-06-07,159.5,165.75999450683594,159.0399932861328,162.0800018310547,4850300,GEV
2024-06-10,161.22000122070312,170.0,160.59800720214844,166.63999938964844,4223600,GEV
2024-06-11,165.5,168.5399932861328,163.3000030517578,168.22999572753906,2036100,GEV
2024-06-12,171.5399932861328,179.22000122070312,171.15499877929688,177.52000427246094,4016500,GEV
2024-06-13,179.8000030517578,181.9600067138672,172.83999633789062,176.1699981689453,3462200,GEV
2024-06-14,174.08999633789062,174.77999877929688,166.1999969482422,170.1699981689453,3128300,GEV
2024-06-17,169.75,171.8800048828125,166.14999389648438,168.75999450683594,2804200,GEV
2024-06-18,167.94000244140625,180.25,166.3300018310547,179.57000732421875,3364900,GEV
2024-06-20,178.47000122070312,185.5,175.09500122070312,177.17999267578125,4005300,GEV
2024-06-21,177.10000610351562,177.17999267578125,170.39999389648438,175.72999572753906,3793000,GEV
2024-06-24,176.5500030517578,179.14999389648438,174.77000427246094,178.13999938964844,2552900,GEV
2024-06-25,179.8000030517578,181.5,176.27000427246094,181.4499969482422,2553400,GEV
2024-06-26,180.88999938964844,181.7250061035156,177.6199951171875,180.0,2284000,GEV
2024-06-27,178.38999938964844,179.2729949951172,173.25,176.27999877929688,2541300,GEV
2024-06-28,174.8000030517578,176.3000030517578,167.1750030517578,171.50999450683594,3783600,GEV
2024-07-01,171.0,171.1999969482422,165.1199951171875,167.52000427246094,2748200,GEV
2024-07-02,165.41000366210938,171.97999572753906,165.41000366210938,169.80999755859375,2447400,GEV
2024-07-03,170.10000610351562,174.77999877929688,169.17999267578125,172.67999267578125,1317200,GEV
2024-07-05,171.5,177.44000244140625,171.25999450683594,176.22999572753906,1629500,GEV
2024-07-08,176.80999755859375,178.60000610351562,174.1699981689453,174.3699951171875,1659100,GEV
2024-07-09,174.27999877929688,174.8300018310547,172.60000610351562,172.97999572753906,1800600,GEV
2024-07-10,174.92999267578125,179.8000030517578,174.60000610351562,179.72999572753906,1835700,GEV
2024-07-11,181.0,183.1600036621093,176.5500030517578,176.6999969482422,2574500,GEV
2024-07-12,177.9499969482422,184.3309936523437,174.39999389648438,180.4499969482422,1603900,GEV
2024-07-15,180.2400054931641,181.8099975585937,176.5,177.44000244140625,3026400,GEV
2024-07-16,178.77999877929688,183.88999938964844,178.17999267578125,182.7400054931641,1789700,GEV
2024-07-17,180.1999969482422,180.1999969482422,162.89999389648438,165.8300018310547,6033800,GEV
2024-07-18,168.0,171.4499969482422,159.42999267578125,161.49000549316406,4736600,GEV
2024-07-19,162.0,163.69000244140625,159.11000061035156,163.33999633789062,2547800,GEV
2024-07-22,166.3800048828125,168.25,163.6840057373047,166.75999450683594,1738600,GEV
2024-07-23,167.0,171.00999450683594,166.22000122070312,170.49000549316406,3221800,GEV
2024-07-24,167.33999633789062,172.3000030517578,162.72999572753906,162.89999389648438,5532100,GEV
2024-07-25,166.0,166.2899932861328,156.41000366210938,160.0,5163200,GEV
2024-07-26,168.4600067138672,173.9759979248047,163.69000244140625,173.11000061035156,3871900,GEV
2024-07-29,174.32000732421875,174.77000427246094,169.85000610351562,172.0500030517578,1757800,GEV
2024-07-30,172.92999267578125,174.07000732421875,162.4499969482422,162.6999969482422,2639300,GEV
2024-07-31,171.25,180.2550048828125,171.25,178.24000549316406,4056500,GEV
2024-08-01,181.8999938964844,183.8600006103516,171.80999755859375,174.02999877929688,3706800,GEV
2024-08-02,168.77999877929688,169.99000549316406,161.5,164.72999572753906,3314500,GEV
2024-08-05,152.40499877929688,165.38999938964844,150.00999450683594,162.24000549316406,3700500,GEV
2024-08-06,163.0800018310547,166.46499633789062,160.0,164.35000610351562,2799900,GEV
2024-08-07,168.66000366210938,172.75,164.69000244140625,166.07000732421875,3312800,GEV
2024-08-08,169.1999969482422,177.4600067138672,165.0500030517578,177.2100067138672,2755800,GEV
2024-08-09,176.52000427246094,179.5500030517578,172.60000610351562,179.11000061035156,2766500,GEV
2024-08-12,178.49000549316406,180.5,174.38999938964844,176.44000244140625,1797800,GEV
2024-08-13,178.0500030517578,180.259994506836,175.31500244140625,179.64999389648438,1551800,GEV
2024-08-14,180.0,185.19000244140625,178.25,184.1600036621093,2242700,GEV
2024-08-15,185.5,190.8000030517578,181.6100006103516,188.82000732421875,3478000,GEV
2024-08-16,188.72000122070312,188.82000732421875,180.39100646972656,184.0599975585937,2718300,GEV
2024-08-19,184.1000061035156,185.509994506836,181.21499633789065,185.3999938964844,1626900,GEV
2024-08-20,184.9600067138672,186.0,181.67999267578125,184.0,1138200,GEV
2024-08-21,183.47000122070312,185.2400054931641,181.8099975585937,184.259994506836,1601400,GEV
2024-08-22,185.0,186.7449951171875,182.3099975585937,186.0,2067900,GEV
2024-08-23,180.8000030517578,183.5599975585937,173.07000732421875,183.2899932861328,4872700,GEV
2024-08-26,181.47999572753903,183.2700042724609,179.19000244140625,182.1300048828125,2176800,GEV
2024-08-27,181.0,187.1000061035156,180.4900054931641,185.5500030517578,1613100,GEV
2024-08-28,183.8500061035156,185.3699951171875,180.7700042724609,184.0,2067600,GEV
2024-08-29,186.0,195.67999267578125,185.35499572753903,191.3600006103516,3155500,GEV
2024-08-30,195.8600006103516,201.3699951171875,194.1999969482422,201.0,3347700,GEV
2024-09-03,200.0,202.6000061035156,187.54800415039065,192.5500030517578,4275300,GEV
2024-09-04,193.02999877929688,204.19000244140625,192.1219940185547,199.6300048828125,3765100,GEV
2024-09-05,197.08999633789065,200.72999572753903,194.2700042724609,198.44000244140625,3064200,GEV
2024-09-06,198.9900054931641,201.17999267578125,193.3800048828125,198.3300018310547,3884700,GEV
2024-09-09,200.009994506836,202.92999267578125,197.3800048828125,201.8099975585937,1654700,GEV
2024-09-10,202.7400054931641,203.0,199.13999938964844,202.009994506836,1894700,GEV
2024-09-11,204.1000061035156,210.1199951171875,201.5,209.1499938964844,3787500,GEV
2024-09-12,200.0,217.08999633789065,199.6499938964844,215.2700042724609,4041400,GEV
2024-09-13,220.6499938964844,228.677001953125,219.009994506836,225.58999633789065,3697500,GEV
2024-09-16,227.8800048828125,231.509994506836,225.2400054931641,229.92999267578125,2334900,GEV
2024-09-17,237.6699981689453,240.0,233.509994506836,237.1499938964844,5144000,GEV
2024-09-18,238.6199951171875,241.5189971923828,234.0,235.6699981689453,3255900,GEV
2024-09-19,243.30499267578125,245.0,238.1100006103516,244.4499969482422,3060800,GEV
2024-09-20,243.22999572753903,250.8489990234375,242.25,245.4600067138672,4111400,GEV
2024-09-23,247.8249969482422,254.8699951171875,246.7899932861328,251.52999877929688,3336700,GEV
2024-09-24,254.0,257.5,252.1199951171875,255.47999572753903,3804400,GEV
2024-09-25,257.1000061035156,257.75,252.1699981689453,255.0500030517578,2454200,GEV
2024-09-26,257.760009765625,258.6400146484375,247.07000732421875,251.22000122070312,2817700,GEV
2024-09-27,250.759994506836,254.42999267578125,249.5800018310547,249.8600006103516,2293600,GEV
2024-09-30,251.0,255.3500061035156,248.9600067138672,254.97999572753903,3372200,GEV
2024-10-01,256.0,257.6000061035156,251.1000061035156,256.5299987792969,2304100,GEV
2024-10-02,251.0,257.5299987792969,248.5,252.2899932861328,2769700,GEV
2024-10-03,253.1499938964844,257.239990234375,250.88999938964844,254.67999267578125,1913700,GEV
2024-10-04,257.0,266.4200134277344,253.22999572753903,265.5899963378906,3157300,GEV
2024-10-07,265.4100036621094,265.9800109863281,260.5199890136719,262.5400085449219,1925100,GEV
2024-10-08,264.0299987792969,266.5559997558594,262.25,264.2699890136719,1671900,GEV
2024-10-09,264.5,269.2980041503906,262.8800048828125,266.6000061035156,1891700,GEV
2024-10-10,264.0,266.54998779296875,261.7900085449219,264.6199951171875,1795800,GEV
2024-10-11,263.75,270.1099853515625,261.04998779296875,266.8900146484375,1848400,GEV
2024-10-14,267.260009765625,270.8299865722656,265.69000244140625,269.5,1822300,GEV
2024-10-15,270.0,270.8699951171875,260.04998779296875,266.3599853515625,2190200,GEV
2024-10-16,268.8999938964844,276.19000244140625,267.69000244140625,274.7699890136719,1844900,GEV
2024-10-17,279.239990234375,281.3729858398437,271.8900146484375,272.0,2510100,GEV
2024-10-18,273.69000244140625,275.29998779296875,271.3500061035156,272.7200012207031,2353700,GEV
2024-10-21,277.0,277.6000061035156,272.2799987792969,276.42999267578125,2570000,GEV
2024-10-22,271.0,278.2900085449219,270.5450134277344,276.4200134277344,2631800,GEV
2024-10-23,273.7099914550781,282.9700012207031,268.5,279.8800048828125,4244600,GEV
2024-10-24,285.8099975585937,297.5400085449219,283.0,297.0,3620100,GEV
2024-10-25,295.3900146484375,298.8099975585937,292.3949890136719,293.5400085449219,2087800,GEV
2024-10-28,295.739990234375,295.94000244140625,288.0799865722656,289.2300109863281,2231600,GEV
2024-10-29,288.0,298.9599914550781,284.1000061035156,298.7699890136719,2030600,GEV
2024-10-30,300.0,301.5299987792969,294.6700134277344,297.6000061035156,2085200,GEV
2024-10-31,300.0,303.7090148925781,296.0199890136719,301.6600036621094,2550700,GEV
2024-11-01,305.0,311.5799865722656,300.5199890136719,301.0899963378906,2702200,GEV
2024-11-04,298.0,301.5,292.5400085449219,295.4599914550781,2070500,GEV
2024-11-05,295.8500061035156,316.45001220703125,294.8699951171875,315.7699890136719,3461400,GEV
2024-11-06,321.1600036621094,338.5799865722656,319.0,336.29998779296875,4486400,GEV
2024-11-07,339.0,340.4100036621094,332.5,336.7799987792969,2347600,GEV
2024-11-08,336.5,342.7900085449219,335.75,341.17999267578125,1720000,GEV
2024-11-11,347.79998779296875,349.7900085449219,338.5,349.44000244140625,2486600,GEV
2024-11-12,346.5,349.3999938964844,319.1000061035156,323.7099914550781,6123700,GEV
2024-11-13,334.4200134277344,343.6430053710937,330.54998779296875,333.260009765625,3054500,GEV
2024-11-14,333.260009765625,335.1109924316406,325.2799987792969,326.0400085449219,2449500,GEV
2024-11-15,325.1000061035156,339.2359924316406,325.1000061035156,329.760009765625,2931300,GEV
2024-11-18,326.57000732421875,333.239990234375,322.1600036621094,325.3699951171875,1815200,GEV
2024-11-19,320.010009765625,340.3900146484375,317.54998779296875,340.0,2200600,GEV
2024-11-20,343.75,348.0,337.739990234375,342.7699890136719,2633600,GEV
2024-11-21,349.8999938964844,357.0899963378906,339.3800048828125,339.8500061035156,2671800,GEV
2024-11-22,339.8500061035156,349.70001220703125,334.0,349.1600036621094,2714600,GEV
2024-11-25,353.5199890136719,354.989990234375,328.1940002441406,328.9800109863281,6212400,GEV
2024-11-26,332.2699890136719,340.7099914550781,330.614990234375,338.8900146484375,2007900,GEV
2024-11-27,339.2300109863281,339.739990234375,329.6300048828125,335.3299865722656,2318200,GEV
2024-11-29,334.4599914550781,336.6199951171875,332.6700134277344,334.1199951171875,883700,GEV
2024-12-02,335.7300109863281,346.6700134277344,335.510009765625,337.5400085449219,2328000,GEV
2024-12-03,338.75,339.9599914550781,326.6300048828125,331.9200134277344,2103800,GEV
2024-12-04,336.4849853515625,344.7300109863281,333.6300048828125,343.75,2424000,GEV
2024-12-05,346.0199890136719,354.69000244140625,344.94000244140625,348.1300048828125,2099500,GEV
2024-12-06,347.5,349.32000732421875,341.0,346.510009765625,1622800,GEV
2024-12-09,340.3500061035156,345.0,324.5,335.25,3045900,GEV
2024-12-10,334.2099914550781,336.5899963378906,322.3309936523437,327.3900146484375,3473500,GEV
2024-12-11,333.5599975585937,350.5799865722656,333.3299865722656,343.79998779296875,6671700,GEV
2024-12-12,343.0,343.0,328.19000244140625,329.9100036621094,3281800,GEV
2024-12-13,334.7799987792969,338.0,329.45001220703125,332.010009765625,2972900,GEV
2024-12-16,336.0599975585937,340.5,330.8399963378906,337.7099914550781,4229800,GEV
2024-12-17,333.0,334.0,323.5,328.3399963378906,4408900,GEV
2024-12-18,327.5899963378906,332.0599975585937,314.19000244140625,317.1199951171875,3906900,GEV
2024-12-19,324.95001220703125,337.4599914550781,322.510009765625,332.79998779296875,4584500,GEV
2024-12-20,328.1300048828125,345.6400146484375,327.1499938964844,342.6600036621094,5476100,GEV
2024-12-23,344.25,346.2799987792969,337.0,344.9200134277344,1435900,GEV
2024-12-24,347.2200012207031,348.989990234375,343.32000732421875,347.2900085449219,1062400,GEV
2024-12-26,345.79998779296875,345.79998779296875,338.8999938964844,343.07000732421875,1210900,GEV
2024-12-27,339.95001220703125,340.75,332.5,333.79998779296875,1506600,GEV
2024-12-30,324.3399963378906,335.6400146484375,323.0,330.260009765625,1837800,GEV
2024-12-31,330.92999267578125,333.09600830078125,327.5,328.92999267578125,1793800,GEV
2025-01-02,332.7900085449219,342.6700134277344,328.5199890136719,338.94000244140625,2471100,GEV
2025-01-03,331.69000244140625,354.9800109863281,331.5,354.0299987792969,2392400,GEV
2025-01-06,369.75,376.2950134277344,366.510009765625,371.3200073242188,3419100,GEV
2025-01-07,373.260009765625,374.6199951171875,357.2260131835937,368.5199890136719,2728200,GEV
2025-01-08,362.30999755859375,368.7900085449219,348.20001220703125,366.4800109863281,3160100,GEV
2025-01-10,363.2000122070313,367.8299865722656,351.0,367.1000061035156,2387000,GEV
2025-01-13,355.3299865722656,366.8500061035156,353.010009765625,366.80999755859375,3267900,GEV
2025-01-14,376.3200073242188,388.8800048828125,373.7000122070313,382.260009765625,3095600,GEV
2025-01-15,391.0,392.7699890136719,380.0,387.0299987792969,2524000,GEV
2025-01-16,394.0700073242188,397.760009765625,387.0299987792969,391.0,2111600,GEV
2025-01-17,393.2900085449219,404.1300048828125,389.5899963378906,401.4100036621094,2363800,GEV
2025-01-21,405.0,417.2099914550781,395.2900085449219,416.0,4223300,GEV
2025-01-22,430.0,434.1000061035156,418.1000061035156,427.1000061035156,4973900,GEV
2025-01-23,423.6300048828125,447.5,422.6600036621094,437.7099914550781,3925000,GEV
2025-01-24,436.9299926757813,436.9299926757813,416.0,420.489990234375,4717500,GEV
2025-01-27,339.6000061035156,353.0,322.29998779296875,330.0,13356800,GEV
2025-01-28,351.4150085449219,355.510009765625,317.70001220703125,355.1199951171875,10396700,GEV
2025-01-29,358.29998779296875,368.8399963378906,346.260009765625,353.25,5449800,GEV
2025-01-30,365.0,387.6400146484375,364.9299926757813,382.9400024414063,5682500,GEV
2025-01-31,385.55999755859375,387.0799865722656,370.55999755859375,372.8800048828125,4139500,GEV
2025-02-03,350.3399963378906,367.1950073242188,348.95001220703125,361.7099914550781,4079400,GEV
2025-02-04,360.6000061035156,366.0799865722656,349.56500244140625,356.5299987792969,2766400,GEV
2025-02-05,363.9700012207031,369.4750061035156,359.6300048828125,367.9299926757813,2810000,GEV
2025-02-06,365.989990234375,380.0499877929688,364.5979919433594,374.8299865722656,2460800,GEV
2025-02-07,380.6799926757813,389.8900146484375,375.3900146484375,377.9700012207031,2391700,GEV
2025-02-10,379.1499938964844,385.7000122070313,372.0,385.0,2078900,GEV
2025-02-11,381.2999877929688,383.0799865722656,369.3699951171875,372.8999938964844,2064300,GEV
2025-02-12,364.760009765625,378.260009765625,359.7300109863281,369.6499938964844,1825400,GEV
2025-02-13,376.0,377.2000122070313,360.6000061035156,370.30999755859375,2609700,GEV
2025-02-14,369.2799987792969,369.2799987792969,357.0,367.5899963378906,2238800,GEV
2025-02-18,367.9200134277344,377.7699890136719,363.3500061035156,373.25,2407300,GEV
2025-02-19,369.9400024414063,376.4800109863281,366.25,375.2000122070313,1670900,GEV
2025-02-20,375.05999755859375,383.2900085449219,353.1099853515625,359.67999267578125,3456000,GEV
2025-02-21,357.6000061035156,359.92999267578125,325.4200134277344,327.8800048828125,6965000,GEV
2025-02-24,327.3800048828125,329.3869934082031,303.44000244140625,315.9100036621094,7156900,GEV
2025-02-25,307.260009765625,322.10400390625,298.0,317.69000244140625,6835200,GEV
2025-02-26,334.8299865722656,342.07000732421875,327.8500061035156,335.239990234375,4676800,GEV
2025-02-27,345.17999267578125,348.510009765625,322.0,326.2799987792969,4768000,GEV
2025-02-28,322.3500061035156,336.0,318.67999267578125,335.17999267578125,4096600,GEV
2025-03-03,334.70001220703125,337.42999267578125,308.77301025390625,315.9800109863281,4846200,GEV
2025-03-04,305.79998779296875,321.6499938964844,294.45001220703125,313.07000732421875,6257500,GEV
2025-03-05,314.54998779296875,323.8900146484375,311.19000244140625,316.79998779296875,4617100,GEV
2025-03-06,306.67999267578125,309.0799865722656,288.2799987792969,293.2099914550781,7501000,GEV
2025-03-07,293.0,301.0,279.5599975585937,289.29998779296875,7397700,GEV
2025-03-10,275.9700012207031,281.3699951171875,266.4700012207031,270.1300048828125,6818800,GEV
2025-03-11,269.989990234375,291.5299987792969,268.510009765625,284.2099914550781,5274800,GEV
2025-03-12,301.5799865722656,308.0,292.3900146484375,298.67999267578125,4541500,GEV
2025-03-13,297.0,303.489990234375,285.3500061035156,300.239990234375,2880400,GEV
2025-03-14,306.45001220703125,315.79998779296875,303.0,313.6300048828125,4404500,GEV
2025-03-17,312.5,335.2900085449219,311.0,331.9599914550781,4376600,GEV
2025-03-18,329.0,330.9769897460937,314.56201171875,318.92999267578125,2773800,GEV
2025-03-19,323.2650146484375,343.4200134277344,320.5,335.79998779296875,3445600,GEV
2025-03-20,329.2699890136719,342.3399963378906,329.2699890136719,336.8299865722656,3500100,GEV
2025-03-21,330.6400146484375,335.1520080566406,325.1099853515625,333.8699951171875,3012100,GEV
2025-03-24,344.239990234375,349.6199951171875,339.1499938964844,343.57000732421875,3141000,GEV
2025-03-25,343.8699951171875,344.94000244140625,333.2099914550781,336.20001220703125,2631700,GEV
2025-03-26,335.45001220703125,335.45001220703125,314.6600036621094,317.70001220703125,3798600,GEV
2025-03-27,310.17999267578125,314.989990234375,302.3299865722656,303.0,3814200,GEV
2025-03-28,302.0,308.8800048828125,299.1300048828125,302.92999267578125,2725300,GEV
2025-03-31,291.3500061035156,306.0299987792969,288.0,305.2799987792969,4678300,GEV
2025-04-01,307.6000061035156,316.42999267578125,302.3999938964844,315.6400146484375,3544500,GEV
2025-04-02,307.0799865722656,335.7850036621094,306.0,330.79998779296875,4203200,GEV
2025-04-03,306.9549865722656,315.8699951171875,293.4750061035156,297.6600036621094,5752200,GEV
2025-04-04,277.1600036621094,283.4700012207031,252.25,271.4800109863281,8095800,GEV
2025-04-07,257.0199890136719,298.489990234375,253.0760040283203,286.07000732421875,6522200,GEV
2025-04-08,303.7699890136719,307.0599975585937,279.5719909667969,286.8900146484375,5858400,GEV
2025-04-09,283.2099914550781,333.29998779296875,281.5610046386719,326.8099975585937,7482600,GEV
2025-04-10,312.0400085449219,322.239990234375,303.1000061035156,309.95001220703125,4444800,GEV
2025-04-11,310.0,323.2099914550781,306.0,321.42999267578125,2800700,GEV
2025-04-14,333.3299865722656,334.25,317.5,322.29998779296875,2467500,GEV
2025-04-15,323.3699951171875,331.1300048828125,323.07000732421875,328.5599975585937,1635300,GEV
2025-04-16,318.57000732421875,332.3099975585937,316.0,328.1600036621094,4015200,GEV
2025-04-17,335.260009765625,339.989990234375,321.7799987792969,323.54998779296875,2860900,GEV
2025-04-21,320.0,324.92999267578125,306.2099914550781,313.0799865722656,2526800,GEV
2025-04-22,319.04998779296875,331.2200012207031,317.6000061035156,326.07000732421875,3471400,GEV
2025-04-23,354.0400085449219,358.8800048828125,333.19000244140625,336.0899963378906,5443600,GEV
2025-04-24,342.489990234375,366.6600036621094,337.3099975585937,360.489990234375,4980400,GEV
2025-04-25,359.8099975585937,376.1499938964844,356.94000244140625,372.4200134277344,3961100,GEV
2025-04-28,371.0,379.9620056152344,361.6300048828125,370.05999755859375,3001500,GEV
2025-04-29,369.6199951171875,372.0899963378906,363.2200012207031,371.1900024414063,2430000,GEV
2025-04-30,359.9800109863281,371.510009765625,357.6400146484375,370.8200073242188,2756800,GEV
2025-05-01,383.3399963378906,387.5199890136719,378.4700012207031,382.2900085449219,3246800,GEV
2025-05-02,391.0,403.4200134277344,385.5499877929688,396.3200073242188,3602400,GEV
2025-05-05,392.0,403.7999877929688,390.21099853515625,401.1000061035156,2296900,GEV
2025-05-06,394.5700073242188,402.6400146484375,392.1199951171875,401.2300109863281,2242700,GEV
2025-05-07,400.0,407.2900085449219,397.010009765625,406.80999755859375,2488700,GEV
2025-05-08,410.0,413.75,393.8599853515625,394.0,3346400,GEV
2025-05-09,396.25,399.7799987792969,387.0299987792969,399.260009765625,2383700,GEV
2025-05-12,415.0,418.7999877929688,408.8200073242188,416.6300048828125,2989900,GEV
2025-05-13,420.9100036621094,444.0,420.0,433.3299865722656,4769700,GEV
2025-05-14,438.9200134277344,440.3399963378906,431.8200073242188,432.8399963378906,2577200,GEV
2025-05-15,430.1700134277344,432.7900085449219,425.3900146484375,426.9700012207031,2954300,GEV
2025-05-16,431.0,431.4630126953125,423.1000061035156,428.05999755859375,2603800,GEV
2025-05-19,424.5,447.4450073242188,421.6380004882813,446.6000061035156,3128700,GEV
2025-05-20,443.7799987792969,451.364990234375,442.5570068359375,450.0400085449219,2756700,GEV
2025-05-21,447.0,463.0,446.5,453.0299987792969,3932400,GEV
2025-05-22,453.0,464.7000122070313,448.4500122070313,458.8200073242188,2713800,GEV
2025-05-23,460.010009765625,469.8110046386719,458.7900085449219,464.3900146484375,3571600,GEV
2025-05-27,471.6400146484375,476.010009765625,466.0,471.510009765625,2942600,GEV
2025-05-28,468.5400085449219,487.3999938964844,467.5,485.010009765625,3318100,GEV
2025-05-29,487.25,489.1300048828125,462.0,471.1700134277344,4291100,GEV
2025-05-30,470.0,473.7900085449219,463.3399963378906,472.9800109863281,5092500,GEV
2025-06-02,475.0,486.2799987792969,472.489990234375,485.1600036621094,2514400,GEV
2025-06-03,494.0,500.7200012207031,485.0,492.9700012207031,3476900,GEV
2025-06-04,493.7300109863281,499.4299926757813,486.510009765625,488.1300048828125,2193600,GEV
2025-06-05,491.0700073242188,493.8699951171875,479.5379943847656,484.30999755859375,2443700,GEV
2025-06-06,486.7799987792969,488.9500122070313,478.0,485.0,2101100,GEV
2025-06-09,492.0,492.30999755859375,479.7999877929688,480.0,2346900,GEV
2025-06-10,482.3599853515625,482.6900024414063,458.64599609375,465.30999755859375,3944400,GEV
2025-06-11,469.5199890136719,484.3299865722656,464.0,483.4700012207031,3100400,GEV
2025-06-12,478.80999755859375,489.7099914550781,478.1000061035156,487.6700134277344,2431900,GEV
2025-06-13,477.6799926757813,484.62799072265625,474.2099914550781,478.4500122070313,2433900,GEV
2025-06-16,480.0,492.5299987792969,480.0,487.8800048828125,2134800,GEV
2025-06-17,486.7699890136719,494.0199890136719,481.6000061035156,488.6600036621094,2160400,GEV
2025-06-18,486.7900085449219,491.1300048828125,482.010009765625,490.1900024414063,2240200,GEV
2025-06-20,493.5299987792969,496.010009765625,480.5499877929688,486.9599914550781,4002400,GEV
2025-06-23,486.6600036621094,500.0400085449219,479.0400085449219,499.8800048828125,3098000,GEV
2025-06-24,505.9599914550781,512.8200073242188,496.7300109863281,510.8399963378906,2692600,GEV
2025-06-25,516.0,522.969970703125,502.25,502.6700134277344,2476000,GEV
2025-06-26,505.0,508.9100036621094,498.80999755859375,506.80999755859375,2205700,GEV
2025-06-27,507.0,532.5900268554688,503.0,519.6599731445312,9150300,GEV
2025-06-30,524.27001953125,531.3699951171875,516.593994140625,529.1500244140625,2030100,GEV
2025-07-01,525.1599731445312,528.0,482.2000122070313,506.0,6527000,GEV
2025-07-02,502.5799865722656,511.5199890136719,497.2999877929688,505.0700073242188,3389500,GEV
2025-07-03,511.739990234375,519.7100219726562,506.0199890136719,517.0399780273438,1809200,GEV
2025-07-07,520.0,531.1900024414062,514.0800170898438,530.280029296875,2268100,GEV
2025-07-08,535.0,537.219970703125,511.5,530.0,3130700,GEV
2025-07-09,535.5599975585938,545.6300048828125,530.0,535.77001953125,2295700,GEV
2025-07-10,539.0399780273438,542.3699951171875,520.0,539.3599853515625,2506200,GEV
2025-07-11,538.0,546.6500244140625,534.6699829101562,539.1599731445312,2286500,GEV
2025-07-14,541.4500122070312,555.85498046875,540.0,555.0399780273438,2471700,GEV
2025-07-15,556.8099975585938,560.6300048828125,545.489990234375,559.6099853515625,2576900,GEV
2025-07-16,559.6199951171875,566.52001953125,552.0,561.1699829101562,1953400,GEV
2025-07-17,568.6500244140625,581.2650146484375,566.219970703125,570.1699829101562,2569400,GEV
2025-07-18,570.6099853515625,579.0250244140625,567.0,574.5999755859375,2052800,GEV
2025-07-21,576.1400146484375,577.625,564.6599731445312,565.9099731445312,2146800,GEV
2025-07-22,558.510009765625,558.510009765625,537.155029296875,548.989990234375,3938500,GEV
2025-07-23,595.75,633.719970703125,585.0,629.030029296875,7081300,GEV
2025-07-24,632.27001953125,633.0700073242188,615.2999877929688,623.969970703125,3918600,GEV
2025-07-25,630.0,651.219970703125,626.0,644.5900268554688,3604500,GEV
2025-07-28,638.260009765625,648.5180053710938,631.1599731445312,647.6599731445312,2920600,GEV
2025-07-29,646.989990234375,655.6500244140625,629.989990234375,632.6699829101562,2749900,GEV
2025-07-30,639.9500122070312,656.1699829101562,635.1699829101562,655.0,2699600,GEV
2025-07-31,660.0,677.2899780273438,656.0700073242188,660.2899780273438,3343000,GEV
2025-08-01,638.1799926757812,664.260009765625,632.4600219726562,656.5,3077400,GEV
2025-08-04,659.3599853515625,674.969970703125,653.9500122070312,662.77001953125,2155900,GEV
2025-08-05,661.239990234375,665.1099853515625,643.9600219726562,649.719970703125,2180200,GEV
2025-08-06,646.6300048828125,666.2899780273438,644.0,664.5499877929688,1894900,GEV
2025-08-07,665.77001953125,669.3829956054688,638.52001953125,645.8599853515625,2239900,GEV
2025-08-08,655.22998046875,656.25,639.1699829101562,649.0900268554688,1888700,GEV
2025-08-11,641.0,653.4199829101562,637.3699951171875,650.760009765625,1687600,GEV
2025-08-12,652.739990234375,662.8350219726562,651.0,657.4400024414062,1803400,GEV
2025-08-13,662.3200073242188,666.1500244140625,614.22998046875,634.3099975585938,3936400,GEV
2025-08-14,627.0,640.280029296875,620.280029296875,625.27001953125,2534400,GEV
2025-08-15,624.030029296875,624.030029296875,607.8599853515625,621.9099731445312,2488200,GEV
2025-08-18,621.3800048828125,628.5449829101562,614.22998046875,625.02001953125,1857900,GEV
2025-08-18,621.3800048828125,628.5452270507812,614.22998046875,625.02001953125,1507281,
2025-08-19,620.5499877929688,620.97998046875,595.1900024414062,603.1300048828125,3092000,GEV
2025-08-20,592.6099853515625,607.77001953125,581.22998046875,604.5900268554688,3569900,GEV
2025-08-21,607.02001953125,620.0,605.3099975585938,606.0,2565100,GEV
2025-08-22,607.969970703125,623.97998046875,602.5,607.0700073242188,2724400,GEV
2025-08-22,607.969970703125,623.969970703125,602.5,607.0700073242188,2723412,
2025-08-22,607.969970703125,623.969970703125,602.5,607.0700073242188,2723412,
2025-08-25,608.8300170898438,614.4710083007812,597.0339965820312,602.3099975585938,2129000,GEV
2025-08-26,603.8499755859375,628.5800170898438,603.0419921875,625.9099731445312,2686200,GEV
2025-08-27,625.219970703125,629.9349975585938,618.0,622.3900146484375,1860300,GEV
2025-08-28,626.780029296875,646.9500122070312,626.780029296875,633.6900024414062,2255400,GEV
2025-08-29,631.8599853515625,635.0,609.3400268554688,612.969970703125,2265000,GEV
2025-08-29,631.8599853515625,634.9998779296875,609.3400268554688,612.969970703125,1986383,
2025-08-29,631.8599853515625,634.9998779296875,609.3400268554688,612.969970703125,1986383,
2025-08-29,631.8599853515625,634.9998779296875,609.3400268554688,612.969970703125,1986383,
2025-09-02,590.5499877929688,594.0,567.8599853515625,579.6799926757812,5261900,GEV
2025-09-03,586.2849731445312,586.2849731445312,565.4299926757812,577.0399780273438,3656000,GEV
2025-09-04,580.8099975585938,600.3699951171875,580.0599975585938,598.8099975585938,3193200,GEV
2025-09-05,599.9600219726562,604.5,565.5,582.0800170898438,3473400,GEV
2025-09-05,599.9600219726562,604.5,565.5166015625,582.0800170898438,3280356,
2025-09-05,599.9600219726562,604.5,565.5166015625,582.0800170898438,3280356,
2025-09-08,594.4099731445312,606.0,584.9400024414062,600.22998046875,2512300,GEV
2025-09-09,606.3499755859375,607.6900024414062,594.77001953125,605.7000122070312,1846600,GEV
2025-09-10,625.0,645.1900024414062,623.0,643.5599975585938,3875700,GEV
2025-09-11,648.75,653.5,620.0999755859375,634.1500244140625,4098200,GEV
2025-09-12,632.1199951171875,646.8800048828125,624.1500244140625,625.5499877929688,2639300,GEV
2025-09-12,632.1199951171875,646.8800048828125,624.1500244140625,625.5499877929688,1711764,
2025-09-12,632.1199951171875,646.8800048828125,624.1500244140625,625.5499877929688,1711764,
2025-09-12,632.1199951171875,646.8800048828125,624.1500244140625,625.5499877929688,1711764,
2025-09-15,630.1500244140625,639.8900146484375,624.0999755859375,628.6799926757812,1850000,GEV
2025-09-15,630.1500244140625,639.8900146484375,624.4257202148438,628.6799926757812,1847941,
2025-09-15,630.1500244140625,639.8900146484375,624.4257202148438,628.6799926757812,1847941,
2025-09-15,630.1500244140625,639.8900146484375,624.4257202148438,628.6799926757812,1847941,
2025-09-15,630.1500244140625,639.8900146484375,624.4257202148438,628.6799926757812,1847941,
2025-09-16,629.5,633.1998901367188,608.72998046875,617.9099731445312,3101423,GEV
2025-09-16,629.5,633.1998901367188,608.72998046875,617.9099731445312,3101423,
2025-09-17,616.4000244140625,619.114013671875,601.1199951171875,614.7899780273438,2056300,GEV
2025-09-18,622.9600219726562,627.0999755859375,611.0,611.0,2244600,GEV
2025-09-19,611.6900024414062,625.6599731445312,596.5059814453125,624.1699829101562,4105300,GEV
2025-09-19,611.6900024414062,625.657470703125,596.5059814453125,624.1699829101562,2579034,
2025-09-19,611.6900024414062,625.657470703125,596.5059814453125,624.1699829101562,2579034,
2025-09-22,620.1099853515625,648.5,620.1099853515625,644.3699951171875,2564500,GEV
