Ticker,LastUpdate,Status,Records
NVDA,2025-08-19 10:06:58,完整下载成功,6684
MSFT,2025-08-19 10:07:01,完整下载成功,9935
AAPL,2025-08-19 10:07:04,完整下载成功,11261
AMZN,2025-08-19 10:07:06,完整下载成功,7109
META,2025-08-19 10:07:09,完整下载成功,3331
AVGO,2025-08-19 10:07:11,完整下载成功,4033
GOOGL,2025-08-19 10:07:13,完整下载成功,5283
GOOG,2025-08-19 10:07:14,完整下载成功,5283
TSLA,2025-08-19 10:07:16,完整下载成功,3808
BRK-B,2025-08-19 10:07:18,完整下载成功,7366
WMT,2025-08-19 10:07:20,完整下载成功,13355
JPM,2025-08-19 10:07:23,完整下载成功,11449
ORCL,2025-08-19 10:07:25,完整下载成功,9936
V,2025-08-19 10:07:26,完整下载成功,4382
LLY,2025-08-19 10:07:29,完整下载成功,13415
MA,2025-08-19 10:07:32,完整下载成功,4838
NFLX,2025-08-19 10:07:35,完整下载成功,5847
XOM,2025-08-19 10:07:38,完整下载成功,16014
COST,2025-08-19 10:07:40,完整下载成功,9854
JNJ,2025-08-19 10:07:42,完整下载成功,16014
PLTR,2025-08-19 10:07:45,完整下载成功,1226
HD,2025-08-19 10:07:48,完整下载成功,11066
PG,2025-08-19 10:07:51,完整下载成功,16014
ABBV,2025-08-19 10:07:52,完整下载成功,3176
BAC,2025-08-19 10:07:54,完整下载成功,13235
CVX,2025-08-19 10:07:57,完整下载成功,16014
KO,2025-08-19 10:08:00,完整下载成功,16014
TMUS,2025-08-19 10:08:03,完整下载成功,4613
GE,2025-08-19 10:08:06,完整下载成功,16014
AMD,2025-08-19 10:08:08,完整下载成功,11449
UNH,2025-08-19 10:08:11,完整下载成功,10288
CSCO,2025-08-19 10:08:13,完整下载成功,8940
PM,2025-08-19 10:08:15,完整下载成功,4384
WFC,2025-08-19 10:08:18,完整下载成功,13415
CRM,2025-08-19 10:08:20,完整下载成功,5323
MS,2025-08-19 10:08:22,完整下载成功,8178
ABT,2025-08-19 10:08:24,完整下载成功,11449
LIN,2025-08-19 10:08:27,完整下载成功,8351
IBM,2025-08-19 10:08:30,完整下载成功,16014
GS,2025-08-19 10:08:33,完整下载成功,6614
MCD,2025-08-19 10:08:36,完整下载成功,14879
AXP,2025-08-19 10:08:38,完整下载成功,13415
MRK,2025-08-19 10:08:42,完整下载成功,16014
DIS,2025-08-19 10:08:45,完整下载成功,16014
RTX,2025-08-19 10:08:47,完整下载成功,15951
T,2025-08-19 10:08:49,完整下载成功,10517
PEP,2025-08-19 10:08:51,完整下载成功,13415
INTU,2025-08-19 10:08:52,完整下载成功,8165
CAT,2025-08-19 10:08:55,完整下载成功,16014
UBER,2025-08-19 10:08:57,完整下载成功,1577
VZ,2025-08-19 10:08:59,完整下载成功,10517
TMO,2025-08-19 10:09:02,完整下载成功,11449
NOW,2025-08-19 10:09:05,完整下载成功,3302
BKNG,2025-08-19 10:09:07,完整下载成功,6637
TXN,2025-08-19 10:09:09,完整下载成功,13415
BLK,2025-08-19 10:09:11,完整下载成功,6509
SCHW,2025-08-19 10:09:13,完整下载成功,9549
BA,2025-08-19 10:09:15,完整下载成功,16014
ISRG,2025-08-19 10:09:17,完整下载成功,6330
ANET,2025-08-19 10:09:18,完整下载成功,2817
C,2025-08-19 10:09:21,完整下载成功,12258
QCOM,2025-08-19 10:09:24,完整下载成功,8479
GEV,2025-08-19 10:09:25,完整下载成功,349
SPGI,2025-08-19 10:09:27,完整下载成功,13235
AMGN,2025-08-19 10:09:30,完整下载成功,10626
NEE,2025-08-19 10:09:33,完整下载成功,13235
ACN,2025-08-19 10:09:36,完整下载成功,6056
BSX,2025-08-19 10:09:37,完整下载成功,8371
ADBE,2025-08-19 10:09:40,完整下载成功,9829
TJX,2025-08-19 10:09:41,完整下载成功,9609
DHR,2025-08-19 10:09:43,完整下载成功,11755
GILD,2025-08-19 10:09:47,完整下载成功,8453
SYK,2025-08-19 10:09:50,完整下载成功,11449
PGR,2025-08-19 10:09:53,完整下载成功,11449
PFE,2025-08-19 10:09:56,完整下载成功,13415
LOW,2025-08-19 10:09:58,完整下载成功,11449
COF,2025-08-19 10:10:02,完整下载成功,7739
MU,2025-08-19 10:10:04,完整下载成功,10384
ETN,2025-08-19 10:10:06,完整下载成功,13415
HON,2025-08-19 10:10:08,完整下载成功,16014
APH,2025-08-19 10:10:09,完整下载成功,8503
DE,2025-08-19 10:10:13,完整下载成功,13415
BX,2025-08-19 10:10:16,完整下载成功,4568
AMAT,2025-08-19 10:10:18,完整下载成功,11449
UNP,2025-08-19 10:10:21,完整下载成功,11501
KKR,2025-08-19 10:10:23,完整下载成功,3797
LRCX,2025-08-19 10:10:26,完整下载成功,10403
PANW,2025-08-19 10:10:28,完整下载成功,3288
CMCSA,2025-08-19 10:10:31,完整下载成功,11449
MDT,2025-08-19 10:10:35,完整下载成功,13186
ADP,2025-08-19 10:10:38,完整下载成功,11449
COP,2025-08-19 10:10:41,完整下载成功,10996
KLAC,2025-08-19 10:10:42,完整下载成功,11306
SNPS,2025-08-19 10:10:44,完整下载成功,8429
ADI,2025-08-19 10:10:46,完整下载成功,11449
NKE,2025-08-19 10:10:49,完整下载成功,11269
MO,2025-08-19 10:10:53,完整下载成功,16014
INTC,2025-08-19 10:10:55,完整下载成功,11449
CB,2025-08-19 10:10:58,完整下载成功,8156
WELL,2025-08-19 10:11:00,完整下载成功,11447
DASH,2025-08-19 10:11:03,完整下载成功,1177
CRWD,2025-08-19 10:11:04,完整下载成功,1555
SBUX,2025-08-19 10:11:07,完整下载成功,8344
LMT,2025-08-19 10:11:10,完整下载成功,16013
SO,2025-08-19 10:11:13,完整下载成功,10996
ICE,2025-08-19 10:11:15,完整下载成功,4968
MMC,2025-08-19 10:11:18,完整下载成功,13235
CEG,2025-08-19 10:11:20,完整下载成功,898
VRTX,2025-08-19 10:11:23,完整下载成功,8579
PLD,2025-08-19 10:11:25,完整下载成功,6976
BMY,2025-08-19 10:11:28,完整下载成功,13415
CDNS,2025-08-19 10:11:30,完整下载成功,9621
CME,2025-08-19 10:11:32,完整下载成功,5710
TT,2025-08-19 10:11:34,完整下载成功,11449
AMT,2025-08-19 10:11:36,完整下载成功,6911
DUK,2025-08-19 10:11:39,完整下载成功,11449
PH,2025-08-19 10:11:42,完整下载成功,11449
DELL,2025-08-19 10:11:44,完整下载成功,2263
HCA,2025-08-19 10:11:46,完整下载成功,3632
MCO,2025-08-19 10:11:49,完整下载成功,7751
WM,2025-08-19 10:11:51,完整下载成功,9359
SHW,2025-08-19 10:11:54,完整下载成功,11449
CVS,2025-08-19 10:11:56,完整下载成功,13235
RCL,2025-08-19 10:11:58,完整下载成功,8133
CTAS,2025-08-19 10:12:00,完整下载成功,10582
ORLY,2025-08-19 10:12:02,完整下载成功,8136
GD,2025-08-19 10:12:05,完整下载成功,16014
NOC,2025-08-19 10:12:08,完整下载成功,10996
MCK,2025-08-19 10:12:11,完整下载成功,7743
COIN,2025-08-19 10:12:14,完整下载成功,1092
MMM,2025-08-19 10:12:17,完整下载成功,16014
MDLZ,2025-08-19 10:12:20,完整下载成功,6081
APO,2025-08-19 10:12:24,完整下载成功,3618
ECL,2025-08-19 10:12:26,完整下载成功,13235
CI,2025-08-19 10:12:29,完整下载成功,10934
TDG,2025-08-19 10:12:31,完整下载成功,4888
AON,2025-08-19 10:12:33,完整下载成功,11396
MSI,2025-08-19 10:12:36,完整下载成功,16014
ABNB,2025-08-19 10:12:38,完整下载成功,1176
AJG,2025-08-19 10:12:41,完整下载成功,10371
NEM,2025-08-19 10:12:44,完整下载成功,11449
EQIX,2025-08-19 10:12:47,完整下载成功,6291
PNC,2025-08-19 10:12:50,完整下载成功,12542
ITW,2025-08-19 10:12:53,完整下载成功,13221
FI,2025-08-19 10:12:56,完整下载成功,9799
EMR,2025-08-19 10:12:58,完整下载成功,13415
UPS,2025-08-19 10:13:01,完整下载成功,6481
MAR,2025-08-19 10:13:04,完整下载成功,6895
RSG,2025-08-19 10:13:06,完整下载成功,6825
BK,2025-08-19 10:13:09,完整下载成功,13185
USB,2025-08-19 10:13:11,完整下载成功,13185
ELV,2025-08-19 10:13:14,完整下载成功,5988
HWM,2025-08-19 10:13:17,完整下载成功,2210
WMB,2025-08-19 10:13:20,完整下载成功,10996
JCI,2025-08-19 10:13:23,完整下载成功,9545
CL,2025-08-19 10:13:26,完整下载成功,13186
ZTS,2025-08-19 10:13:27,完整下载成功,3155
AZO,2025-08-19 10:13:29,完整下载成功,8658
VST,2025-08-19 10:13:30,完整下载成功,2229
CSX,2025-08-19 10:13:33,完整下载成功,11288
PYPL,2025-08-19 10:13:35,完整下载成功,2546
EOG,2025-08-19 10:13:38,完整下载成功,9034
APD,2025-08-19 10:13:41,完整下载成功,11449
HLT,2025-08-19 10:13:44,完整下载成功,2937
NSC,2025-08-19 10:13:46,完整下载成功,10891
MNST,2025-08-19 10:13:49,完整下载成功,10000
FTNT,2025-08-19 10:13:51,完整下载成功,3960
ADSK,2025-08-19 10:13:54,完整下载成功,10112
AXON,2025-08-19 10:13:56,完整下载成功,6077
REGN,2025-08-19 10:13:58,完整下载成功,8658
WDAY,2025-08-19 10:14:01,完整下载成功,3229
TEL,2025-08-19 10:14:03,完整下载成功,4574
FCX,2025-08-19 10:14:04,完整下载成功,7578
TRV,2025-08-19 10:14:07,完整下载成功,12542
AEP,2025-08-19 10:14:09,完整下载成功,16014
URI,2025-08-19 10:14:12,完整下载成功,6958
NXPI,2025-08-19 10:14:15,完整下载成功,3781
CMG,2025-08-19 10:14:18,完整下载成功,4921
KMI,2025-08-19 10:14:21,完整下载成功,3650
ROP,2025-08-19 10:14:24,完整下载成功,8437
TFC,2025-08-19 10:14:27,完整下载成功,11448
PWR,2025-08-19 10:14:29,完整下载成功,6921
DLR,2025-08-19 10:14:31,完整下载成功,5233
CARR,2025-08-19 10:14:34,完整下载成功,1361
AFL,2025-08-19 10:14:37,完整下载成功,11449
FAST,2025-08-19 10:14:40,完整下载成功,9571
SPG,2025-08-19 10:14:42,完整下载成功,7973
COR,2025-08-19 10:14:44,完整下载成功,7644
GLW,2025-08-19 10:14:47,完整下载成功,10996
BDX,2025-08-19 10:14:50,完整下载成功,13235
CMI,2025-08-19 10:14:52,完整下载成功,13235
ALL,2025-08-19 10:14:54,完整下载成功,8108
NDAQ,2025-08-19 10:14:56,完整下载成功,5821
FDX,2025-08-19 10:14:59,完整下载成功,11937
GM,2025-08-19 10:15:01,完整下载成功,3708
O,2025-08-19 10:15:04,完整下载成功,7760
SRE,2025-08-19 10:15:06,完整下载成功,6827
MET,2025-08-19 10:15:08,完整下载成功,6380
PCAR,2025-08-19 10:15:11,完整下载成功,11449
D,2025-08-19 10:15:14,完整下载成功,11449
IDXX,2025-08-19 10:15:16,完整下载成功,8601
LHX,2025-08-19 10:15:20,完整下载成功,10996
SLB,2025-08-19 10:15:21,完整下载成功,10996
PAYX,2025-08-19 10:15:23,完整下载成功,10577
PSX,2025-08-19 10:15:25,完整下载成功,3357
DHI,2025-08-19 10:15:27,完整下载成功,8359
MPC,2025-08-19 10:15:30,完整下载成功,3558
PSA,2025-08-19 10:15:32,完整下载成功,11278
CTVA,2025-08-19 10:15:35,完整下载成功,1567
ROST,2025-08-19 10:15:38,完整下载成功,10084
TGT,2025-08-19 10:15:40,完整下载成功,13235
AMP,2025-08-19 10:15:43,完整下载成功,5012
KDP,2025-08-19 10:15:44,完整下载成功,4348
CBRE,2025-08-19 10:15:47,完整下载成功,5331
GWW,2025-08-19 10:15:50,完整下载成功,13235
XYZ,2025-08-19 10:15:52,完整下载成功,2449
OKE,2025-08-19 10:15:55,完整下载成功,11311
KR,2025-08-19 10:15:57,完整下载成功,16014
EW,2025-08-19 10:16:00,完整下载成功,6387
CPRT,2025-08-19 10:16:02,完整下载成功,7908
F,2025-08-19 10:16:04,完整下载成功,13415
EBAY,2025-08-19 10:16:07,完整下载成功,6766
DDOG,2025-08-19 10:16:09,完整下载成功,1486
GRMN,2025-08-19 10:16:11,完整下载成功,6208
EXC,2025-08-19 10:16:14,完整下载成功,13186
AIG,2025-08-19 10:16:16,完整下载成功,13269
CCI,2025-08-19 10:16:17,完整下载成功,6792
KMB,2025-08-19 10:16:21,完整下载成功,11449
OXY,2025-08-19 10:16:23,完整下载成功,10996
TTWO,2025-08-19 10:16:25,完整下载成功,7131
MSCI,2025-08-19 10:16:28,完整下载成功,4466
AME,2025-08-19 10:16:31,完整下载成功,10351
XEL,2025-08-19 10:16:34,完整下载成功,13235
VLO,2025-08-19 10:16:37,完整下载成功,10995
EA,2025-08-19 10:16:39,完整下载成功,9044
BKR,2025-08-19 10:16:42,完整下载成功,9666
PEG,2025-08-19 10:16:44,完整下载成功,11501
RMD,2025-08-19 10:16:47,完整下载成功,7603
YUM,2025-08-19 10:16:49,完整下载成功,7023
MPWR,2025-08-19 10:16:53,完整下载成功,5218
CCL,2025-08-19 10:16:56,完整下载成功,9590
KVUE,2025-08-19 10:16:59,完整下载成功,574
FANG,2025-08-19 10:17:01,完整下载成功,3229
DAL,2025-08-19 10:17:03,完整下载成功,4603
ETR,2025-08-19 10:17:06,完整下载成功,13415
ROK,2025-08-19 10:17:09,完整下载成功,10996
VMC,2025-08-19 10:17:12,完整下载成功,13235
SYY,2025-08-19 10:17:14,完整下载成功,13182
LYV,2025-08-19 10:17:17,完整下载成功,4944
PRU,2025-08-19 10:17:18,完整下载成功,5957
CSGP,2025-08-19 10:17:20,完整下载成功,6825
VRSK,2025-08-19 10:17:21,完整下载成功,3990
HIG,2025-08-19 10:17:23,完整下载成功,7466
CHTR,2025-08-19 10:17:26,完整下载成功,3929
FIS,2025-08-19 10:17:27,完整下载成功,6076
MLM,2025-08-19 10:17:29,完整下载成功,7927
LVS,2025-08-19 10:17:32,完整下载成功,5201
HSY,2025-08-19 10:17:36,完整下载成功,11449
ED,2025-08-19 10:17:38,完整下载成功,16014
CAH,2025-08-19 10:17:40,完整下载成功,10593
MCHP,2025-08-19 10:17:42,完整下载成功,8160
OTIS,2025-08-19 10:17:44,完整下载成功,1361
HUM,2025-08-19 10:17:46,完整下载成功,10996
TRGP,2025-08-19 10:17:47,完整下载成功,3696
XYL,2025-08-19 10:17:50,完整下载成功,3481
VICI,2025-08-19 10:17:53,完整下载成功,1917
WEC,2025-08-19 10:17:56,完整下载成功,11449
LEN,2025-08-19 10:17:59,完整下载成功,11449
CTSH,2025-08-19 10:18:00,完整下载成功,6833
A,2025-08-19 10:18:02,完整下载成功,6475
ACGL,2025-08-19 10:18:04,完整下载成功,7531
STX,2025-08-19 10:18:06,完整下载成功,5707
GEHC,2025-08-19 10:18:08,完整下载成功,669
PCG,2025-08-19 10:18:10,完整下载成功,13415
NUE,2025-08-19 10:18:13,完整下载成功,11449
UAL,2025-08-19 10:18:15,完整下载成功,4914
EL,2025-08-19 10:18:18,完整下载成功,7485
FICO,2025-08-19 10:18:21,完整下载成功,9592
RJF,2025-08-19 10:18:24,完整下载成功,10616
WAB,2025-08-19 10:18:26,完整下载成功,7593
KHC,2025-08-19 10:18:29,完整下载成功,2546
IQV,2025-08-19 10:18:30,完整下载成功,3088
TSCO,2025-08-19 10:18:33,完整下载成功,7927
WTW,2025-08-19 10:18:35,完整下载成功,6082
DXCM,2025-08-19 10:18:37,完整下载成功,5119
EQT,2025-08-19 10:18:40,完整下载成功,11449
ODFL,2025-08-19 10:18:43,完整下载成功,8514
BRO,2025-08-19 10:18:46,完整下载成功,11220
STT,2025-08-19 10:18:49,完整下载成功,11449
IR,2025-08-19 10:18:50,完整下载成功,2078
DD,2025-08-19 10:18:52,完整下载成功,13415
VTR,2025-08-19 10:18:55,完整下载成功,7117
BR,2025-08-19 10:18:58,完整下载成功,4632
EFX,2025-08-19 10:19:01,完整下载成功,11449
MTB,2025-08-19 10:19:04,完整下载成功,11449
STZ,2025-08-19 10:19:07,完整下载成功,8415
WBD,2025-08-19 10:19:09,完整下载成功,5060
NRG,2025-08-19 10:19:13,完整下载成功,5462
EXR,2025-08-19 10:19:14,完整下载成功,5286
ADM,2025-08-19 10:19:18,完整下载成功,11449
DTE,2025-08-19 10:19:21,完整下载成功,16014
KEYS,2025-08-19 10:19:23,完整下载成功,2723
HPE,2025-08-19 10:19:25,完整下载成功,2472
FITB,2025-08-19 10:19:29,完整下载成功,11449
AWK,2025-08-19 10:19:32,完整下载成功,4358
K,2025-08-19 10:19:34,完整下载成功,13235
ROL,2025-08-19 10:19:36,完整下载成功,11449
SMCI,2025-08-19 10:19:39,完整下载成功,4627
TTD,2025-08-19 10:19:42,完整下载成功,2239
AEE,2025-08-19 10:19:44,完整下载成功,6949
MTD,2025-08-19 10:19:47,完整下载成功,6981
AVB,2025-08-19 10:19:49,完整下载成功,7912
PPL,2025-08-19 10:19:52,完整下载成功,11449
IRM,2025-08-19 10:19:54,完整下载成功,7434
WRB,2025-08-19 10:19:57,完整下载成功,13065
SYF,2025-08-19 10:19:59,完整下载成功,2779
GIS,2025-08-19 10:20:02,完整下载成功,11449
VLTO,2025-08-19 10:20:03,完整下载成功,469
ATO,2025-08-19 10:20:05,完整下载成功,10492
WDC,2025-08-19 10:20:07,完整下载成功,11796
CBOE,2025-08-19 10:20:09,完整下载成功,3818
EXPE,2025-08-19 10:20:11,完整下载成功,5051
PHM,2025-08-19 10:20:13,完整下载成功,11449
HPQ,2025-08-19 10:20:16,完整下载成功,16014
TDY,2025-08-19 10:20:18,完整下载成功,6472
PTC,2025-08-19 10:20:19,完整下载成功,8988
PPG,2025-08-19 10:20:23,完整下载成功,11449
VRSN,2025-08-19 10:20:25,完整下载成功,6930
IP,2025-08-19 10:20:28,完整下载成功,16014
DG,2025-08-19 10:20:30,完整下载成功,3963
FE,2025-08-19 10:20:32,完整下载成功,6985
CNP,2025-08-19 10:20:36,完整下载成功,16014
WSM,2025-08-19 10:20:39,完整下载成功,10613
TYL,2025-08-19 10:20:42,完整下载成功,11449
LULU,2025-08-19 10:20:44,完整下载成功,4544
DOV,2025-08-19 10:20:46,完整下载成功,11449
NTRS,2025-08-19 10:20:49,完整下载成功,11449
HBAN,2025-08-19 10:20:51,完整下载成功,11449
EQR,2025-08-19 10:20:53,完整下载成功,8059
STE,2025-08-19 10:20:55,完整下载成功,8363
ES,2025-08-19 10:20:56,完整下载成功,13235
DRI,2025-08-19 10:20:59,完整下载成功,7620
TROW,2025-08-19 10:21:02,完整下载成功,9922
FSLR,2025-08-19 10:21:03,完整下载成功,4715
CINF,2025-08-19 10:21:05,完整下载成功,11449
DLTR,2025-08-19 10:21:08,完整下载成功,7664
ULTA,2025-08-19 10:21:10,完整下载成功,4481
SBAC,2025-08-19 10:21:12,完整下载成功,6584
HUBB,2025-08-19 10:21:15,完整下载成功,13293
RF,2025-08-19 10:21:17,完整下载成功,11449
LDOS,2025-08-19 10:21:19,完整下载成功,4738
JBL,2025-08-19 10:21:22,完整下载成功,8130
PODD,2025-08-19 10:21:24,完整下载成功,4595
CHD,2025-08-19 10:21:26,完整下载成功,11449
NVR,2025-08-19 10:21:28,完整下载成功,10097
LH,2025-08-19 10:21:30,完整下载成功,8912
CPAY,2025-08-19 10:21:32,完整下载成功,3690
SW,2025-08-19 10:21:34,完整下载成功,4320
EXE,2025-08-19 10:21:37,完整下载成功,1135
NTAP,2025-08-19 10:21:40,完整下载成功,7483
CDW,2025-08-19 10:21:43,完整下载成功,3054
CMS,2025-08-19 10:21:45,完整下载成功,13235
EIX,2025-08-19 10:21:48,完整下载成功,13185
DVN,2025-08-19 10:21:51,完整下载成功,10097
LII,2025-08-19 10:21:54,完整下载成功,6554
CFG,2025-08-19 10:21:56,完整下载成功,2741
GPN,2025-08-19 10:21:58,完整下载成功,6184
TPR,2025-08-19 10:22:00,完整下载成功,6252
ON,2025-08-19 10:22:03,完整下载成功,6362
TPL,2025-08-19 10:22:05,完整下载成功,11449
ZBH,2025-08-19 10:22:07,完整下载成功,6052
BIIB,2025-08-19 10:22:10,完整下载成功,8541
DGX,2025-08-19 10:22:12,完整下载成功,7212
KEY,2025-08-19 10:22:13,完整下载成功,9517
GDDY,2025-08-19 10:22:16,完整下载成功,2612
TSN,2025-08-19 10:22:17,完整下载成功,11449
TRMB,2025-08-19 10:22:21,完整下载成功,8834
NI,2025-08-19 10:22:24,完整下载成功,13235
AMCR,2025-08-19 10:22:27,完整下载成功,3334
L,2025-08-19 10:22:30,完整下载成功,11449
GEN,2025-08-19 10:22:32,完整下载成功,9105
GPC,2025-08-19 10:22:35,完整下载成功,11449
ERIE,2025-08-19 10:22:38,完整下载成功,7519
WY,2025-08-19 10:22:41,完整下载成功,13185
STLD,2025-08-19 10:22:43,完整下载成功,7228
INVH,2025-08-19 10:22:46,完整下载成功,2148
MKC,2025-08-19 10:22:48,完整下载成功,13235
IT,2025-08-19 10:22:50,完整下载成功,8022
FFIV,2025-08-19 10:22:52,完整下载成功,6592
HAL,2025-08-19 10:22:54,完整下载成功,13415
CTRA,2025-08-19 10:22:55,完整下载成功,8946
TER,2025-08-19 10:22:58,完整下载成功,13235
J,2025-08-19 10:23:00,完整下载成功,11449
RL,2025-08-19 10:23:03,完整下载成功,7090
WST,2025-08-19 10:23:06,完整下载成功,11449
PKG,2025-08-19 10:23:09,完整下载成功,6427
PNR,2025-08-19 10:23:12,完整下载成功,13185
PFG,2025-08-19 10:23:15,完整下载成功,5993
WAT,2025-08-19 10:23:16,完整下载成功,7485
LYB,2025-08-19 10:23:18,完整下载成功,3851
SNA,2025-08-19 10:23:21,完整下载成功,13235
IFF,2025-08-19 10:23:24,完整下载成功,12774
INCY,2025-08-19 10:23:27,完整下载成功,8000
DOW,2025-08-19 10:23:28,完整下载成功,1613
LNT,2025-08-19 10:23:31,完整下载成功,13235
ESS,2025-08-19 10:23:33,完整下载成功,7853
APTV,2025-08-19 10:23:36,完整下载成功,3456
LUV,2025-08-19 10:23:39,完整下载成功,11501
EVRG,2025-08-19 10:23:43,完整下载成功,13235
MAA,2025-08-19 10:23:45,完整下载成功,7941
EXPD,2025-08-19 10:23:47,完整下载成功,10303
FTV,2025-08-19 10:23:50,完整下载成功,2294
BG,2025-08-19 10:23:53,完整下载成功,6046
ZBRA,2025-08-19 10:23:55,完整下载成功,8563
DECK,2025-08-19 10:23:57,完整下载成功,8014
HRL,2025-08-19 10:23:59,完整下载成功,11449
TKO,2025-08-19 10:24:02,完整下载成功,6497
MAS,2025-08-19 10:24:03,完整下载成功,11449
BBY,2025-08-19 10:24:06,完整下载成功,10162
DPZ,2025-08-19 10:24:08,完整下载成功,5310
BLDR,2025-08-19 10:24:10,完整下载成功,5067
HOLX,2025-08-19 10:24:12,完整下载成功,8932
OMC,2025-08-19 10:24:14,完整下载成功,11449
CLX,2025-08-19 10:24:17,完整下载成功,13235
COO,2025-08-19 10:24:20,完整下载成功,10728
CHRW,2025-08-19 10:24:22,完整下载成功,7002
BF-B,2025-08-19 10:24:25,完整下载成功,11449
BALL,2025-08-19 10:24:27,完整下载成功,13235
ALLE,2025-08-19 10:24:29,完整下载成功,2954
KIM,2025-08-19 10:24:31,完整下载成功,8493
CNC,2025-08-19 10:24:32,完整下载成功,5957
TXT,2025-08-19 10:24:36,完整下载成功,13235
FDS,2025-08-19 10:24:38,完整下载成功,7331
EG,2025-08-19 10:24:40,完整下载成功,7518
JBHT,2025-08-19 10:24:43,完整下载成功,10516
CF,2025-08-19 10:24:46,完整下载成功,5036
AVY,2025-08-19 10:24:49,完整下载成功,13235
ARE,2025-08-19 10:24:52,完整下载成功,7101
BEN,2025-08-19 10:24:54,完整下载成功,10558
REG,2025-08-19 10:24:57,完整下载成功,8004
PAYC,2025-08-19 10:24:58,完整下载成功,2853
UDR,2025-08-19 10:25:00,完整下载成功,11449
IEX,2025-08-19 10:25:04,完整下载成功,9120
FOX,2025-08-19 10:25:05,完整下载成功,1618
SOLV,2025-08-19 10:25:08,完整下载成功,350
VTRS,2025-08-19 10:25:11,完整下载成功,11449
BAX,2025-08-19 10:25:14,完整下载成功,11041
NDSN,2025-08-19 10:25:16,完整下载成功,11448
FOXA,2025-08-19 10:25:19,完整下载成功,1619
DOC,2025-08-19 10:25:22,完整下载成功,10137
SJM,2025-08-19 10:25:25,完整下载成功,7751
POOL,2025-08-19 10:25:26,完整下载成功,7510
JKHY,2025-08-19 10:25:29,完整下载成功,10012
GNRC,2025-08-19 10:25:32,完整下载成功,3903
SWK,2025-08-19 10:25:35,完整下载成功,11449
HAS,2025-08-19 10:25:38,完整下载成功,11449
CPT,2025-08-19 10:25:41,完整下载成功,8074
WYNN,2025-08-19 10:25:44,完整下载成功,5739
UHS,2025-08-19 10:25:46,完整下载成功,11118
NWSA,2025-08-19 10:25:48,完整下载成功,3060
NCLH,2025-08-19 10:25:50,完整下载成功,3164
GL,2025-08-19 10:25:53,完整下载成功,11311
SWKS,2025-08-19 10:25:55,完整下载成功,10316
MRNA,2025-08-19 10:25:58,完整下载成功,1682
HST,2025-08-19 10:26:01,完整下载成功,11449
PNW,2025-08-19 10:26:04,完整下载成功,13235
AKAM,2025-08-19 10:26:06,完整下载成功,6489
DAY,2025-08-19 10:26:08,完整下载成功,1838
ALGN,2025-08-19 10:26:09,完整下载成功,6174
AIZ,2025-08-19 10:26:11,完整下载成功,5418
HII,2025-08-19 10:26:15,完整下载成功,3624
RVTY,2025-08-19 10:26:17,完整下载成功,13235
WBA,2025-08-19 10:26:20,完整下载成功,11449
BXP,2025-08-19 10:26:22,完整下载成功,7086
MOS,2025-08-19 10:26:25,完整下载成功,9462
AOS,2025-08-19 10:26:28,完整下载成功,10553
TAP,2025-08-19 10:26:31,完整下载成功,12652
MGM,2025-08-19 10:26:34,完整下载成功,9395
ALB,2025-08-19 10:26:36,完整下载成功,7925
CPB,2025-08-19 10:26:39,完整下载成功,13235
IPG,2025-08-19 10:26:42,完整下载成功,11449
DVA,2025-08-19 10:26:44,完整下载成功,7498
AES,2025-08-19 10:26:47,完整下载成功,8598
IVZ,2025-08-19 10:26:51,完整下载成功,7544
EPAM,2025-08-19 10:26:54,完整下载成功,3401
MOH,2025-08-19 10:26:57,完整下载成功,5568
CAG,2025-08-19 10:26:58,完整下载成功,11449
PSKY,2025-08-19 10:27:00,完整下载成功,4956
MTCH,2025-08-19 10:27:02,完整下载成功,8202
KMX,2025-08-19 10:27:04,完整下载成功,7179
TECH,2025-08-19 10:27:06,完整下载成功,9198
HSIC,2025-08-19 10:27:08,完整下载成功,7495
LKQ,2025-08-19 10:27:11,完整下载成功,5502
FRT,2025-08-19 10:27:14,完整下载成功,13185
MHK,2025-08-19 10:27:17,完整下载成功,8404
CRL,2025-08-19 10:27:20,完整下载成功,6325
LW,2025-08-19 10:27:22,完整下载成功,2203
EMN,2025-08-19 10:27:24,完整下载成功,7973
APA,2025-08-19 10:27:27,完整下载成功,11661
MKTX,2025-08-19 10:27:30,完整下载成功,5228
NWS,2025-08-19 10:27:31,完整下载成功,3060
CZR,2025-08-19 10:27:33,完整下载成功,2743
ENPH,2025-08-19 10:27:36,完整下载成功,3365
NVDA,2025-08-20 03:34:17,更新成功,1
MSFT,2025-08-20 03:34:20,更新成功,1
AAPL,2025-08-20 03:34:22,更新成功,1
AMZN,2025-08-20 03:34:23,更新成功,1
META,2025-08-20 03:34:25,更新成功,1
AVGO,2025-08-20 03:34:27,更新成功,1
GOOGL,2025-08-20 03:34:29,更新成功,1
GOOG,2025-08-20 03:34:30,更新成功,1
TSLA,2025-08-20 03:34:33,更新成功,1
BRK-B,2025-08-20 03:34:35,更新成功,1
WMT,2025-08-20 03:34:38,更新成功,1
JPM,2025-08-20 03:34:39,更新成功,1
ORCL,2025-08-20 03:34:42,更新成功,1
V,2025-08-20 03:34:45,更新成功,1
LLY,2025-08-20 03:34:48,更新成功,1
MA,2025-08-20 03:34:51,更新成功,1
NFLX,2025-08-20 03:34:52,更新成功,1
XOM,2025-08-20 03:34:54,更新成功,1
COST,2025-08-20 03:34:56,更新成功,1
JNJ,2025-08-20 03:34:59,更新成功,1
PLTR,2025-08-20 03:35:02,更新成功,1
HD,2025-08-20 03:35:04,更新成功,1
PG,2025-08-20 03:35:05,更新成功,1
ABBV,2025-08-20 03:35:07,更新成功,1
BAC,2025-08-20 03:35:08,更新成功,1
CVX,2025-08-20 03:35:12,更新成功,1
KO,2025-08-20 03:35:15,更新成功,1
TMUS,2025-08-20 03:35:17,更新成功,1
GE,2025-08-20 03:35:19,更新成功,1
AMD,2025-08-20 03:35:21,更新成功,1
UNH,2025-08-20 03:35:23,更新成功,1
CSCO,2025-08-20 03:35:25,更新成功,1
PM,2025-08-20 03:35:27,更新成功,1
WFC,2025-08-20 03:35:30,更新成功,1
CRM,2025-08-20 03:35:32,更新成功,1
MS,2025-08-20 03:35:33,更新成功,1
ABT,2025-08-20 03:35:35,更新成功,1
LIN,2025-08-20 03:35:36,更新成功,1
IBM,2025-08-20 03:35:40,更新成功,1
GS,2025-08-20 03:35:42,更新成功,1
MCD,2025-08-20 03:35:45,更新成功,1
AXP,2025-08-20 03:35:47,更新成功,1
MRK,2025-08-20 03:35:50,更新成功,1
DIS,2025-08-20 03:35:52,更新成功,1
RTX,2025-08-20 03:35:54,更新成功,1
T,2025-08-20 03:35:57,更新成功,1
PEP,2025-08-20 03:36:00,更新成功,1
INTU,2025-08-20 03:36:02,更新成功,1
CAT,2025-08-20 03:36:05,更新成功,1
UBER,2025-08-20 03:36:06,更新成功,1
VZ,2025-08-20 03:36:09,更新成功,1
TMO,2025-08-20 03:36:11,更新成功,1
NOW,2025-08-20 03:36:14,更新成功,1
BKNG,2025-08-20 03:36:17,更新成功,1
TXN,2025-08-20 03:36:18,更新成功,1
BLK,2025-08-20 03:36:19,更新成功,1
SCHW,2025-08-20 03:36:22,更新成功,1
BA,2025-08-20 03:36:25,更新成功,1
ISRG,2025-08-20 03:36:27,更新成功,1
ANET,2025-08-20 03:36:29,更新成功,1
C,2025-08-20 03:36:31,更新成功,1
QCOM,2025-08-20 03:36:33,更新成功,1
GEV,2025-08-20 03:36:35,更新成功,1
SPGI,2025-08-20 03:36:37,更新成功,1
AMGN,2025-08-20 03:36:39,更新成功,1
NEE,2025-08-20 03:36:42,更新成功,1
ACN,2025-08-20 03:36:45,更新成功,1
BSX,2025-08-20 03:36:46,更新成功,1
ADBE,2025-08-20 03:36:48,更新成功,1
TJX,2025-08-20 03:36:49,更新成功,1
DHR,2025-08-20 03:36:52,更新成功,1
GILD,2025-08-20 03:36:55,更新成功,1
SYK,2025-08-20 03:36:57,更新成功,1
PGR,2025-08-20 03:36:58,更新成功,1
PFE,2025-08-20 03:37:00,更新成功,1
LOW,2025-08-20 03:37:02,更新成功,1
COF,2025-08-20 03:37:04,更新成功,1
MU,2025-08-20 03:37:06,更新成功,1
ETN,2025-08-20 03:37:09,更新成功,1
HON,2025-08-20 03:37:12,更新成功,1
APH,2025-08-20 03:37:13,更新成功,1
DE,2025-08-20 03:37:15,更新成功,1
BX,2025-08-20 03:37:18,更新成功,1
AMAT,2025-08-20 03:37:19,更新成功,1
UNP,2025-08-20 03:37:21,更新成功,1
KKR,2025-08-20 03:37:23,更新成功,1
LRCX,2025-08-20 03:37:25,更新成功,1
PANW,2025-08-20 03:37:27,更新成功,1
CMCSA,2025-08-20 03:37:29,更新成功,1
MDT,2025-08-20 03:37:31,更新成功,1
ADP,2025-08-20 03:37:33,更新成功,1
COP,2025-08-20 03:37:37,更新成功,1
KLAC,2025-08-20 03:37:39,更新成功,1
SNPS,2025-08-20 03:37:41,更新成功,1
ADI,2025-08-20 03:37:42,更新成功,1
NKE,2025-08-20 03:37:44,更新成功,1
MO,2025-08-20 03:37:46,更新成功,1
INTC,2025-08-20 03:37:48,更新成功,1
CB,2025-08-20 03:37:50,更新成功,1
WELL,2025-08-20 03:37:52,更新成功,1
DASH,2025-08-20 03:37:54,更新成功,1
CRWD,2025-08-20 03:37:56,更新成功,1
SBUX,2025-08-20 03:37:59,更新成功,1
LMT,2025-08-20 03:38:01,更新成功,1
SO,2025-08-20 03:38:04,更新成功,1
ICE,2025-08-20 03:38:07,更新成功,1
MMC,2025-08-20 03:38:09,更新成功,1
CEG,2025-08-20 03:38:10,更新成功,1
VRTX,2025-08-20 03:38:12,更新成功,1
PLD,2025-08-20 03:38:13,更新成功,1
BMY,2025-08-20 03:38:15,更新成功,1
CDNS,2025-08-20 03:38:18,更新成功,1
CME,2025-08-20 03:38:20,更新成功,1
TT,2025-08-20 03:38:23,更新成功,1
AMT,2025-08-20 03:38:26,更新成功,1
DUK,2025-08-20 03:38:27,更新成功,1
PH,2025-08-20 03:38:30,更新成功,1
DELL,2025-08-20 03:38:31,更新成功,1
HCA,2025-08-20 03:38:34,更新成功,1
MCO,2025-08-20 03:38:36,更新成功,1
WM,2025-08-20 03:38:37,更新成功,1
SHW,2025-08-20 03:38:38,更新成功,1
CVS,2025-08-20 03:38:41,更新成功,1
RCL,2025-08-20 03:38:44,更新成功,1
CTAS,2025-08-20 03:38:47,更新成功,1
ORLY,2025-08-20 03:38:49,更新成功,1
GD,2025-08-20 03:38:52,更新成功,1
NOC,2025-08-20 03:38:55,更新成功,1
MCK,2025-08-20 03:38:57,更新成功,1
COIN,2025-08-20 03:38:58,更新成功,1
MMM,2025-08-20 03:39:00,更新成功,1
MDLZ,2025-08-20 03:39:02,更新成功,1
APO,2025-08-20 03:39:04,更新成功,1
ECL,2025-08-20 03:39:06,更新成功,1
CI,2025-08-20 03:39:09,更新成功,1
TDG,2025-08-20 03:39:11,更新成功,1
AON,2025-08-20 03:39:14,更新成功,1
MSI,2025-08-20 03:39:16,更新成功,1
ABNB,2025-08-20 03:39:17,更新成功,1
AJG,2025-08-20 03:39:19,更新成功,1
NEM,2025-08-20 03:39:22,更新成功,1
EQIX,2025-08-20 03:39:24,更新成功,1
PNC,2025-08-20 03:39:26,更新成功,1
ITW,2025-08-20 03:39:28,更新成功,1
FI,2025-08-20 03:39:30,更新成功,1
EMR,2025-08-20 03:39:32,更新成功,1
UPS,2025-08-20 03:39:33,更新成功,1
MAR,2025-08-20 03:39:35,更新成功,1
RSG,2025-08-20 03:39:36,更新成功,1
BK,2025-08-20 03:39:38,更新成功,1
USB,2025-08-20 03:39:40,更新成功,1
ELV,2025-08-20 03:39:42,更新成功,1
HWM,2025-08-20 03:39:44,更新成功,1
WMB,2025-08-20 03:39:46,更新成功,1
JCI,2025-08-20 03:39:47,更新成功,1
CL,2025-08-20 03:39:50,更新成功,1
ZTS,2025-08-20 03:39:51,更新成功,1
AZO,2025-08-20 03:39:53,更新成功,1
VST,2025-08-20 03:39:56,更新成功,1
CSX,2025-08-20 03:39:58,更新成功,1
PYPL,2025-08-20 03:40:01,更新成功,1
EOG,2025-08-20 03:40:03,更新成功,1
APD,2025-08-20 03:40:06,更新成功,1
HLT,2025-08-20 03:40:09,更新成功,1
NSC,2025-08-20 03:40:11,更新成功,1
MNST,2025-08-20 03:40:14,更新成功,1
FTNT,2025-08-20 03:40:16,更新成功,1
ADSK,2025-08-20 03:40:18,更新成功,1
AXON,2025-08-20 03:40:21,更新成功,1
REGN,2025-08-20 03:40:23,更新成功,1
WDAY,2025-08-20 03:40:25,更新成功,1
TEL,2025-08-20 03:40:26,更新成功,1
FCX,2025-08-20 03:40:29,更新成功,1
TRV,2025-08-20 03:40:30,更新成功,1
AEP,2025-08-20 03:40:32,更新成功,1
URI,2025-08-20 03:40:34,更新成功,1
NXPI,2025-08-20 03:40:35,更新成功,1
CMG,2025-08-20 03:40:38,更新成功,1
KMI,2025-08-20 03:40:41,更新成功,1
ROP,2025-08-20 03:40:43,更新成功,1
TFC,2025-08-20 03:40:46,更新成功,1
PWR,2025-08-20 03:40:48,更新成功,1
DLR,2025-08-20 03:40:50,更新成功,1
CARR,2025-08-20 03:40:53,更新成功,1
AFL,2025-08-20 03:40:56,更新成功,1
FAST,2025-08-20 03:40:59,更新成功,1
SPG,2025-08-20 03:41:01,更新成功,1
COR,2025-08-20 03:41:03,更新成功,1
GLW,2025-08-20 03:41:05,更新成功,1
BDX,2025-08-20 03:41:07,更新成功,1
CMI,2025-08-20 03:41:09,更新成功,1
ALL,2025-08-20 03:41:11,更新成功,1
NDAQ,2025-08-20 03:41:12,更新成功,1
FDX,2025-08-20 03:41:14,更新成功,1
GM,2025-08-20 03:41:17,更新成功,1
O,2025-08-20 03:41:20,更新成功,1
SRE,2025-08-20 03:41:21,更新成功,1
MET,2025-08-20 03:41:23,更新成功,1
PCAR,2025-08-20 03:41:25,更新成功,1
D,2025-08-20 03:41:27,更新成功,1
IDXX,2025-08-20 03:41:29,更新成功,1
LHX,2025-08-20 03:41:31,更新成功,1
SLB,2025-08-20 03:41:34,更新成功,1
PAYX,2025-08-20 03:41:37,更新成功,1
PSX,2025-08-20 03:41:40,更新成功,1
DHI,2025-08-20 03:41:42,更新成功,1
MPC,2025-08-20 03:41:43,更新成功,1
PSA,2025-08-20 03:41:45,更新成功,1
CTVA,2025-08-20 03:41:46,更新成功,1
ROST,2025-08-20 03:41:48,更新成功,1
TGT,2025-08-20 03:41:50,更新成功,1
AMP,2025-08-20 03:41:52,更新成功,1
KDP,2025-08-20 03:41:53,更新成功,1
CBRE,2025-08-20 03:41:55,更新成功,1
GWW,2025-08-20 03:41:57,更新成功,1
XYZ,2025-08-20 03:42:00,更新成功,1
OKE,2025-08-20 03:42:02,更新成功,1
KR,2025-08-20 03:42:05,更新成功,1
EW,2025-08-20 03:42:06,更新成功,1
CPRT,2025-08-20 03:42:07,更新成功,1
F,2025-08-20 03:42:09,更新成功,1
EBAY,2025-08-20 03:42:10,更新成功,1
DDOG,2025-08-20 03:42:12,更新成功,1
GRMN,2025-08-20 03:42:13,更新成功,1
EXC,2025-08-20 03:42:16,更新成功,1
AIG,2025-08-20 03:42:18,更新成功,1
CCI,2025-08-20 03:42:20,更新成功,1
KMB,2025-08-20 03:42:23,更新成功,1
OXY,2025-08-20 03:42:25,更新成功,1
TTWO,2025-08-20 03:42:27,更新成功,1
MSCI,2025-08-20 03:42:29,更新成功,1
AME,2025-08-20 03:42:32,更新成功,1
XEL,2025-08-20 03:42:33,更新成功,1
VLO,2025-08-20 03:42:36,更新成功,1
EA,2025-08-20 03:42:39,更新成功,1
BKR,2025-08-20 03:42:42,更新成功,1
PEG,2025-08-20 03:42:45,更新成功,1
RMD,2025-08-20 03:42:46,更新成功,1
YUM,2025-08-20 03:42:49,更新成功,1
MPWR,2025-08-20 03:42:52,更新成功,1
CCL,2025-08-20 03:42:54,更新成功,1
KVUE,2025-08-20 03:42:55,更新成功,1
FANG,2025-08-20 03:42:58,更新成功,1
DAL,2025-08-20 03:43:00,更新成功,1
ETR,2025-08-20 03:43:03,更新成功,1
ROK,2025-08-20 03:43:06,更新成功,1
VMC,2025-08-20 03:43:09,更新成功,1
SYY,2025-08-20 03:43:12,更新成功,1
LYV,2025-08-20 03:43:14,更新成功,1
PRU,2025-08-20 03:43:17,更新成功,1
CSGP,2025-08-20 03:43:18,更新成功,1
VRSK,2025-08-20 03:43:21,更新成功,1
HIG,2025-08-20 03:43:24,更新成功,1
CHTR,2025-08-20 03:43:27,更新成功,1
FIS,2025-08-20 03:43:30,更新成功,1
MLM,2025-08-20 03:43:33,更新成功,1
LVS,2025-08-20 03:43:34,更新成功,1
HSY,2025-08-20 03:43:36,更新成功,1
ED,2025-08-20 03:43:38,更新成功,1
CAH,2025-08-20 03:43:41,更新成功,1
MCHP,2025-08-20 03:43:43,更新成功,1
OTIS,2025-08-20 03:43:45,更新成功,1
HUM,2025-08-20 03:43:48,更新成功,1
TRGP,2025-08-20 03:43:50,更新成功,1
XYL,2025-08-20 03:43:52,更新成功,1
VICI,2025-08-20 03:43:53,更新成功,1
WEC,2025-08-20 03:43:55,更新成功,1
LEN,2025-08-20 03:43:56,更新成功,1
CTSH,2025-08-20 03:43:58,更新成功,1
A,2025-08-20 03:44:02,更新成功,1
ACGL,2025-08-20 03:44:04,更新成功,1
STX,2025-08-20 03:44:06,更新成功,1
GEHC,2025-08-20 03:44:07,更新成功,1
PCG,2025-08-20 03:44:08,更新成功,1
NUE,2025-08-20 03:44:10,更新成功,1
UAL,2025-08-20 03:44:12,更新成功,1
EL,2025-08-20 03:44:15,更新成功,1
FICO,2025-08-20 03:44:18,更新成功,1
RJF,2025-08-20 03:44:20,更新成功,1
WAB,2025-08-20 03:44:23,更新成功,1
KHC,2025-08-20 03:44:25,更新成功,1
IQV,2025-08-20 03:44:27,更新成功,1
TSCO,2025-08-20 03:44:29,更新成功,1
WTW,2025-08-20 03:44:31,更新成功,1
DXCM,2025-08-20 03:44:34,更新成功,1
EQT,2025-08-20 03:44:36,更新成功,1
ODFL,2025-08-20 03:44:37,更新成功,1
BRO,2025-08-20 03:44:40,更新成功,1
STT,2025-08-20 03:44:42,更新成功,1
IR,2025-08-20 03:44:44,更新成功,1
DD,2025-08-20 03:44:46,更新成功,1
VTR,2025-08-20 03:44:49,更新成功,1
BR,2025-08-20 03:44:52,更新成功,1
EFX,2025-08-20 03:44:54,更新成功,1
MTB,2025-08-20 03:44:56,更新成功,1
STZ,2025-08-20 03:44:58,更新成功,1
WBD,2025-08-20 03:45:00,更新成功,1
NRG,2025-08-20 03:45:03,更新成功,1
EXR,2025-08-20 03:45:05,更新成功,1
ADM,2025-08-20 03:45:08,更新成功,1
DTE,2025-08-20 03:45:10,更新成功,1
KEYS,2025-08-20 03:45:13,更新成功,1
HPE,2025-08-20 03:45:15,更新成功,1
FITB,2025-08-20 03:45:16,更新成功,1
AWK,2025-08-20 03:45:18,更新成功,1
K,2025-08-20 03:45:21,更新成功,1
ROL,2025-08-20 03:45:23,更新成功,1
SMCI,2025-08-20 03:45:26,更新成功,1
TTD,2025-08-20 03:45:27,更新成功,1
AEE,2025-08-20 03:45:31,更新成功,1
MTD,2025-08-20 03:45:32,更新成功,1
AVB,2025-08-20 03:45:35,更新成功,1
PPL,2025-08-20 03:45:38,更新成功,1
IRM,2025-08-20 03:45:40,更新成功,1
WRB,2025-08-20 03:45:43,更新成功,1
SYF,2025-08-20 03:45:45,更新成功,1
GIS,2025-08-20 03:45:47,更新成功,1
VLTO,2025-08-20 03:45:50,更新成功,1
ATO,2025-08-20 03:45:53,更新成功,1
WDC,2025-08-20 03:45:55,更新成功,1
CBOE,2025-08-20 03:45:57,更新成功,1
EXPE,2025-08-20 03:46:00,更新成功,1
PHM,2025-08-20 03:46:02,更新成功,1
HPQ,2025-08-20 03:46:04,更新成功,1
TDY,2025-08-20 03:46:07,更新成功,1
PTC,2025-08-20 03:46:10,更新成功,1
PPG,2025-08-20 03:46:11,更新成功,1
VRSN,2025-08-20 03:46:13,更新成功,1
IP,2025-08-20 03:46:16,更新成功,1
DG,2025-08-20 03:46:18,更新成功,1
FE,2025-08-20 03:46:21,更新成功,1
CNP,2025-08-20 03:46:22,更新成功,1
WSM,2025-08-20 03:46:24,更新成功,1
TYL,2025-08-20 03:46:26,更新成功,1
LULU,2025-08-20 03:46:28,更新成功,1
DOV,2025-08-20 03:46:30,更新成功,1
NTRS,2025-08-20 03:46:33,更新成功,1
HBAN,2025-08-20 03:46:36,更新成功,1
EQR,2025-08-20 03:46:38,更新成功,1
STE,2025-08-20 03:46:40,更新成功,1
ES,2025-08-20 03:46:43,更新成功,1
DRI,2025-08-20 03:46:44,更新成功,1
TROW,2025-08-20 03:46:46,更新成功,1
FSLR,2025-08-20 03:46:48,更新成功,1
CINF,2025-08-20 03:46:50,更新成功,1
DLTR,2025-08-20 03:46:51,更新成功,1
ULTA,2025-08-20 03:46:53,更新成功,1
SBAC,2025-08-20 03:46:55,更新成功,1
HUBB,2025-08-20 03:46:58,更新成功,1
RF,2025-08-20 03:47:01,更新成功,1
LDOS,2025-08-20 03:47:02,更新成功,1
JBL,2025-08-20 03:47:04,更新成功,1
PODD,2025-08-20 03:47:05,更新成功,1
CHD,2025-08-20 03:47:07,更新成功,1
NVR,2025-08-20 03:47:09,更新成功,1
LH,2025-08-20 03:47:11,更新成功,1
CPAY,2025-08-20 03:47:12,更新成功,1
SW,2025-08-20 03:47:15,更新成功,1
EXE,2025-08-20 03:47:17,更新成功,1
NTAP,2025-08-20 03:47:19,更新成功,1
CDW,2025-08-20 03:47:21,更新成功,1
CMS,2025-08-20 03:47:24,更新成功,1
EIX,2025-08-20 03:47:26,更新成功,1
DVN,2025-08-20 03:47:29,更新成功,1
LII,2025-08-20 03:47:32,更新成功,1
CFG,2025-08-20 03:47:35,更新成功,1
GPN,2025-08-20 03:47:37,更新成功,1
TPR,2025-08-20 03:47:39,更新成功,1
ON,2025-08-20 03:47:41,更新成功,1
TPL,2025-08-20 03:47:44,更新成功,1
ZBH,2025-08-20 03:47:46,更新成功,1
BIIB,2025-08-20 03:47:48,更新成功,1
DGX,2025-08-20 03:47:50,更新成功,1
KEY,2025-08-20 03:47:52,更新成功,1
GDDY,2025-08-20 03:47:55,更新成功,1
TSN,2025-08-20 03:47:57,更新成功,1
TRMB,2025-08-20 03:47:58,更新成功,1
NI,2025-08-20 03:48:00,更新成功,1
AMCR,2025-08-20 03:48:01,更新成功,1
L,2025-08-20 03:48:03,更新成功,1
GEN,2025-08-20 03:48:06,更新成功,1
GPC,2025-08-20 03:48:08,更新成功,1
ERIE,2025-08-20 03:48:10,更新成功,1
WY,2025-08-20 03:48:12,更新成功,1
STLD,2025-08-20 03:48:15,更新成功,1
INVH,2025-08-20 03:48:17,更新成功,1
MKC,2025-08-20 03:48:20,更新成功,1
IT,2025-08-20 03:48:22,更新成功,1
FFIV,2025-08-20 03:48:23,更新成功,1
HAL,2025-08-20 03:48:25,更新成功,1
CTRA,2025-08-20 03:48:27,更新成功,1
TER,2025-08-20 03:48:29,更新成功,1
J,2025-08-20 03:48:30,更新成功,1
RL,2025-08-20 03:48:32,更新成功,1
WST,2025-08-20 03:48:34,更新成功,1
PKG,2025-08-20 03:48:36,更新成功,1
PNR,2025-08-20 03:48:38,更新成功,1
PFG,2025-08-20 03:48:40,更新成功,1
WAT,2025-08-20 03:48:42,更新成功,1
LYB,2025-08-20 03:48:45,更新成功,1
SNA,2025-08-20 03:48:47,更新成功,1
IFF,2025-08-20 03:48:49,更新成功,1
INCY,2025-08-20 03:48:51,更新成功,1
DOW,2025-08-20 03:48:54,更新成功,1
LNT,2025-08-20 03:48:55,更新成功,1
ESS,2025-08-20 03:48:57,更新成功,1
APTV,2025-08-20 03:49:00,更新成功,1
LUV,2025-08-20 03:49:01,更新成功,1
EVRG,2025-08-20 03:49:04,更新成功,1
MAA,2025-08-20 03:49:05,更新成功,1
EXPD,2025-08-20 03:49:06,更新成功,1
FTV,2025-08-20 03:49:08,更新成功,1
BG,2025-08-20 03:49:09,更新成功,1
ZBRA,2025-08-20 03:49:12,更新成功,1
DECK,2025-08-20 03:49:13,更新成功,1
HRL,2025-08-20 03:49:16,更新成功,1
TKO,2025-08-20 03:49:18,更新成功,1
MAS,2025-08-20 03:49:20,更新成功,1
BBY,2025-08-20 03:49:22,更新成功,1
DPZ,2025-08-20 03:49:24,更新成功,1
BLDR,2025-08-20 03:49:27,更新成功,1
HOLX,2025-08-20 03:49:29,更新成功,1
OMC,2025-08-20 03:49:33,更新成功,1
CLX,2025-08-20 03:49:35,更新成功,1
COO,2025-08-20 03:49:36,更新成功,1
CHRW,2025-08-20 03:49:38,更新成功,1
BF-B,2025-08-20 03:49:40,更新成功,1
BALL,2025-08-20 03:49:42,更新成功,1
ALLE,2025-08-20 03:49:43,更新成功,1
KIM,2025-08-20 03:49:45,更新成功,1
CNC,2025-08-20 03:49:46,更新成功,1
TXT,2025-08-20 03:49:49,更新成功,1
FDS,2025-08-20 03:49:51,更新成功,1
EG,2025-08-20 03:49:53,更新成功,1
JBHT,2025-08-20 03:49:56,更新成功,1
CF,2025-08-20 03:49:59,更新成功,1
AVY,2025-08-20 03:50:01,更新成功,1
ARE,2025-08-20 03:50:02,更新成功,1
BEN,2025-08-20 03:50:04,更新成功,1
REG,2025-08-20 03:50:06,更新成功,1
PAYC,2025-08-20 03:50:07,更新成功,1
UDR,2025-08-20 03:50:10,更新成功,1
IEX,2025-08-20 03:50:12,更新成功,1
FOX,2025-08-20 03:50:15,更新成功,1
SOLV,2025-08-20 03:50:17,更新成功,1
VTRS,2025-08-20 03:50:19,更新成功,1
BAX,2025-08-20 03:50:22,更新成功,1
NDSN,2025-08-20 03:50:23,更新成功,1
FOXA,2025-08-20 03:50:24,更新成功,1
DOC,2025-08-20 03:50:26,更新成功,1
SJM,2025-08-20 03:50:28,更新成功,1
POOL,2025-08-20 03:50:30,更新成功,1
JKHY,2025-08-20 03:50:33,更新成功,1
GNRC,2025-08-20 03:50:35,更新成功,1
SWK,2025-08-20 03:50:38,更新成功,1
HAS,2025-08-20 03:50:41,更新成功,1
CPT,2025-08-20 03:50:43,更新成功,1
WYNN,2025-08-20 03:50:45,更新成功,1
UHS,2025-08-20 03:50:48,更新成功,1
NWSA,2025-08-20 03:50:50,更新成功,1
NCLH,2025-08-20 03:50:52,更新成功,1
GL,2025-08-20 03:50:54,更新成功,1
SWKS,2025-08-20 03:50:58,更新成功,1
MRNA,2025-08-20 03:51:00,更新成功,1
HST,2025-08-20 03:51:01,更新成功,1
PNW,2025-08-20 03:51:04,更新成功,1
AKAM,2025-08-20 03:51:05,更新成功,1
DAY,2025-08-20 03:51:07,更新成功,1
ALGN,2025-08-20 03:51:09,更新成功,1
AIZ,2025-08-20 03:51:11,更新成功,1
HII,2025-08-20 03:51:14,更新成功,1
RVTY,2025-08-20 03:51:15,更新成功,1
WBA,2025-08-20 03:51:18,更新成功,1
BXP,2025-08-20 03:51:21,更新成功,1
MOS,2025-08-20 03:51:24,更新成功,1
AOS,2025-08-20 03:51:25,更新成功,1
TAP,2025-08-20 03:51:27,更新成功,1
MGM,2025-08-20 03:51:29,更新成功,1
ALB,2025-08-20 03:51:32,更新成功,1
CPB,2025-08-20 03:51:34,更新成功,1
IPG,2025-08-20 03:51:37,更新成功,1
DVA,2025-08-20 03:51:40,更新成功,1
AES,2025-08-20 03:51:42,更新成功,1
IVZ,2025-08-20 03:51:43,更新成功,1
EPAM,2025-08-20 03:51:46,更新成功,1
MOH,2025-08-20 03:51:49,更新成功,1
CAG,2025-08-20 03:51:51,更新成功,1
PSKY,2025-08-20 03:51:52,更新成功,1
MTCH,2025-08-20 03:51:55,更新成功,1
KMX,2025-08-20 03:51:56,更新成功,1
TECH,2025-08-20 03:51:58,更新成功,1
HSIC,2025-08-20 03:52:00,更新成功,1
LKQ,2025-08-20 03:52:02,更新成功,1
FRT,2025-08-20 03:52:04,更新成功,1
MHK,2025-08-20 03:52:06,更新成功,1
CRL,2025-08-20 03:52:08,更新成功,1
LW,2025-08-20 03:52:12,更新成功,1
EMN,2025-08-20 03:52:13,更新成功,1
APA,2025-08-20 03:52:16,更新成功,1
MKTX,2025-08-20 03:52:18,更新成功,1
NWS,2025-08-20 03:52:20,更新成功,1
CZR,2025-08-20 03:52:23,更新成功,1
ENPH,2025-08-20 03:52:24,更新成功,1
NVDA,2025-08-21 03:34:21,更新成功,1
MSFT,2025-08-21 03:34:23,更新成功,1
AAPL,2025-08-21 03:34:25,更新成功,1
AMZN,2025-08-21 03:34:27,更新成功,1
META,2025-08-21 03:34:30,更新成功,1
AVGO,2025-08-21 03:34:31,更新成功,1
GOOGL,2025-08-21 03:34:34,更新成功,1
GOOG,2025-08-21 03:34:37,更新成功,1
TSLA,2025-08-21 03:34:38,更新成功,1
BRK-B,2025-08-21 03:34:40,更新成功,1
WMT,2025-08-21 03:34:43,更新成功,1
JPM,2025-08-21 03:34:46,更新成功,1
ORCL,2025-08-21 03:34:47,更新成功,1
V,2025-08-21 03:34:49,更新成功,1
LLY,2025-08-21 03:34:52,更新成功,1
MA,2025-08-21 03:34:55,更新成功,1
NFLX,2025-08-21 03:34:57,更新成功,1
XOM,2025-08-21 03:34:59,更新成功,1
COST,2025-08-21 03:35:01,更新成功,1
JNJ,2025-08-21 03:35:02,更新成功,1
PLTR,2025-08-21 03:35:05,更新成功,1
HD,2025-08-21 03:35:07,更新成功,1
PG,2025-08-21 03:35:09,更新成功,1
ABBV,2025-08-21 03:35:12,更新成功,1
BAC,2025-08-21 03:35:14,更新成功,1
CVX,2025-08-21 03:35:17,更新成功,1
KO,2025-08-21 03:35:20,更新成功,1
TMUS,2025-08-21 03:35:22,更新成功,1
GE,2025-08-21 03:35:24,更新成功,1
AMD,2025-08-21 03:35:25,更新成功,1
UNH,2025-08-21 03:35:29,更新成功,1
CSCO,2025-08-21 03:35:31,更新成功,1
PM,2025-08-21 03:35:33,更新成功,1
WFC,2025-08-21 03:35:36,更新成功,1
CRM,2025-08-21 03:35:37,更新成功,1
MS,2025-08-21 03:35:38,更新成功,1
ABT,2025-08-21 03:35:40,更新成功,1
LIN,2025-08-21 03:35:42,更新成功,1
IBM,2025-08-21 03:35:45,更新成功,1
GS,2025-08-21 03:35:46,更新成功,1
MCD,2025-08-21 03:35:50,更新成功,1
AXP,2025-08-21 03:35:53,更新成功,1
MRK,2025-08-21 03:35:55,更新成功,1
DIS,2025-08-21 03:35:57,更新成功,1
RTX,2025-08-21 03:35:58,更新成功,1
T,2025-08-21 03:36:00,更新成功,1
PEP,2025-08-21 03:36:03,更新成功,1
INTU,2025-08-21 03:36:06,更新成功,1
CAT,2025-08-21 03:36:09,更新成功,1
UBER,2025-08-21 03:36:11,更新成功,1
VZ,2025-08-21 03:36:13,更新成功,1
TMO,2025-08-21 03:36:16,更新成功,1
NOW,2025-08-21 03:36:17,更新成功,1
BKNG,2025-08-21 03:36:19,更新成功,1
TXN,2025-08-21 03:36:22,更新成功,1
BLK,2025-08-21 03:36:24,更新成功,1
SCHW,2025-08-21 03:36:27,更新成功,1
BA,2025-08-21 03:36:28,更新成功,1
ISRG,2025-08-21 03:36:30,更新成功,1
ANET,2025-08-21 03:36:33,更新成功,1
C,2025-08-21 03:36:36,更新成功,1
QCOM,2025-08-21 03:36:38,更新成功,1
GEV,2025-08-21 03:36:41,更新成功,1
SPGI,2025-08-21 03:36:44,更新成功,1
AMGN,2025-08-21 03:36:47,更新成功,1
NEE,2025-08-21 03:36:50,更新成功,1
ACN,2025-08-21 03:36:51,更新成功,1
BSX,2025-08-21 03:36:54,更新成功,1
ADBE,2025-08-21 03:36:57,更新成功,1
TJX,2025-08-21 03:37:00,更新成功,1
DHR,2025-08-21 03:37:03,更新成功,1
GILD,2025-08-21 03:37:05,更新成功,1
SYK,2025-08-21 03:37:08,更新成功,1
PGR,2025-08-21 03:37:11,更新成功,1
PFE,2025-08-21 03:37:14,更新成功,1
LOW,2025-08-21 03:37:17,更新成功,1
COF,2025-08-21 03:37:19,更新成功,1
MU,2025-08-21 03:37:22,更新成功,1
ETN,2025-08-21 03:37:24,更新成功,1
HON,2025-08-21 03:37:26,更新成功,1
APH,2025-08-21 03:37:28,更新成功,1
DE,2025-08-21 03:37:30,更新成功,1
BX,2025-08-21 03:37:33,更新成功,1
AMAT,2025-08-21 03:37:35,更新成功,1
UNP,2025-08-21 03:37:37,更新成功,1
KKR,2025-08-21 03:37:39,更新成功,1
LRCX,2025-08-21 03:37:42,更新成功,1
PANW,2025-08-21 03:37:43,更新成功,1
CMCSA,2025-08-21 03:37:46,更新成功,1
MDT,2025-08-21 03:37:48,更新成功,1
ADP,2025-08-21 03:37:50,更新成功,1
COP,2025-08-21 03:37:51,更新成功,1
KLAC,2025-08-21 03:37:53,更新成功,1
SNPS,2025-08-21 03:37:55,更新成功,1
ADI,2025-08-21 03:37:58,更新成功,1
NKE,2025-08-21 03:38:00,更新成功,1
MO,2025-08-21 03:38:03,更新成功,1
INTC,2025-08-21 03:38:06,更新成功,1
CB,2025-08-21 03:38:08,更新成功,1
WELL,2025-08-21 03:38:11,更新成功,1
DASH,2025-08-21 03:38:13,更新成功,1
CRWD,2025-08-21 03:38:15,更新成功,1
SBUX,2025-08-21 03:38:17,更新成功,1
LMT,2025-08-21 03:38:19,更新成功,1
SO,2025-08-21 03:38:22,更新成功,1
ICE,2025-08-21 03:38:24,更新成功,1
MMC,2025-08-21 03:38:27,更新成功,1
CEG,2025-08-21 03:38:30,更新成功,1
VRTX,2025-08-21 03:38:32,更新成功,1
PLD,2025-08-21 03:38:34,更新成功,1
BMY,2025-08-21 03:38:37,更新成功,1
CDNS,2025-08-21 03:38:39,更新成功,1
CME,2025-08-21 03:38:41,更新成功,1
TT,2025-08-21 03:38:45,更新成功,1
AMT,2025-08-21 03:38:48,更新成功,1
DUK,2025-08-21 03:38:50,更新成功,1
PH,2025-08-21 03:38:53,更新成功,1
DELL,2025-08-21 03:38:55,更新成功,1
HCA,2025-08-21 03:38:58,更新成功,1
MCO,2025-08-21 03:39:01,更新成功,1
WM,2025-08-21 03:39:04,更新成功,1
SHW,2025-08-21 03:39:07,更新成功,1
CVS,2025-08-21 03:39:08,更新成功,1
RCL,2025-08-21 03:39:11,更新成功,1
CTAS,2025-08-21 03:39:12,更新成功,1
ORLY,2025-08-21 03:39:16,更新成功,1
GD,2025-08-21 03:39:17,更新成功,1
NOC,2025-08-21 03:39:18,更新成功,1
MCK,2025-08-21 03:39:21,更新成功,1
COIN,2025-08-21 03:39:22,更新成功,1
MMM,2025-08-21 03:39:25,更新成功,1
MDLZ,2025-08-21 03:39:28,更新成功,1
APO,2025-08-21 03:39:30,更新成功,1
ECL,2025-08-21 03:39:33,更新成功,1
CI,2025-08-21 03:39:35,更新成功,1
TDG,2025-08-21 03:39:38,更新成功,1
AON,2025-08-21 03:39:41,更新成功,1
MSI,2025-08-21 03:39:44,更新成功,1
ABNB,2025-08-21 03:39:45,更新成功,1
AJG,2025-08-21 03:39:47,更新成功,1
NEM,2025-08-21 03:39:50,更新成功,1
EQIX,2025-08-21 03:39:51,更新成功,1
PNC,2025-08-21 03:39:53,更新成功,1
ITW,2025-08-21 03:39:54,更新成功,1
FI,2025-08-21 03:39:57,更新成功,1
EMR,2025-08-21 03:40:00,更新成功,1
UPS,2025-08-21 03:40:03,更新成功,1
MAR,2025-08-21 03:40:06,更新成功,1
RSG,2025-08-21 03:40:09,更新成功,1
BK,2025-08-21 03:40:11,更新成功,1
USB,2025-08-21 03:40:12,更新成功,1
ELV,2025-08-21 03:40:15,更新成功,1
HWM,2025-08-21 03:40:18,更新成功,1
WMB,2025-08-21 03:40:20,更新成功,1
JCI,2025-08-21 03:40:22,更新成功,1
CL,2025-08-21 03:40:26,更新成功,1
ZTS,2025-08-21 03:40:28,更新成功,1
AZO,2025-08-21 03:40:30,更新成功,1
VST,2025-08-21 03:40:32,更新成功,1
CSX,2025-08-21 03:40:35,更新成功,1
PYPL,2025-08-21 03:40:37,更新成功,1
EOG,2025-08-21 03:40:39,更新成功,1
APD,2025-08-21 03:40:41,更新成功,1
HLT,2025-08-21 03:40:43,更新成功,1
NSC,2025-08-21 03:40:45,更新成功,1
MNST,2025-08-21 03:40:48,更新成功,1
FTNT,2025-08-21 03:40:50,更新成功,1
ADSK,2025-08-21 03:40:52,更新成功,1
AXON,2025-08-21 03:40:55,更新成功,1
REGN,2025-08-21 03:40:58,更新成功,1
WDAY,2025-08-21 03:41:00,更新成功,1
TEL,2025-08-21 03:41:02,更新成功,1
FCX,2025-08-21 03:41:04,更新成功,1
TRV,2025-08-21 03:41:07,更新成功,1
AEP,2025-08-21 03:41:09,更新成功,1
URI,2025-08-21 03:41:12,更新成功,1
NXPI,2025-08-21 03:41:15,更新成功,1
CMG,2025-08-21 03:41:17,更新成功,1
KMI,2025-08-21 03:41:19,更新成功,1
ROP,2025-08-21 03:41:20,更新成功,1
TFC,2025-08-21 03:41:21,更新成功,1
PWR,2025-08-21 03:41:24,更新成功,1
DLR,2025-08-21 03:41:26,更新成功,1
CARR,2025-08-21 03:41:28,更新成功,1
AFL,2025-08-21 03:41:30,更新成功,1
FAST,2025-08-21 03:41:33,更新成功,1
SPG,2025-08-21 03:41:36,更新成功,1
COR,2025-08-21 03:41:38,更新成功,1
GLW,2025-08-21 03:41:40,更新成功,1
BDX,2025-08-21 03:41:43,更新成功,1
CMI,2025-08-21 03:41:45,更新成功,1
ALL,2025-08-21 03:41:48,更新成功,1
NDAQ,2025-08-21 03:41:51,更新成功,1
FDX,2025-08-21 03:41:53,更新成功,1
GM,2025-08-21 03:41:55,更新成功,1
O,2025-08-21 03:41:57,更新成功,1
SRE,2025-08-21 03:42:00,更新成功,1
MET,2025-08-21 03:42:02,更新成功,1
PCAR,2025-08-21 03:42:04,更新成功,1
D,2025-08-21 03:42:06,更新成功,1
IDXX,2025-08-21 03:42:09,更新成功,1
LHX,2025-08-21 03:42:12,更新成功,1
SLB,2025-08-21 03:42:15,更新成功,1
PAYX,2025-08-21 03:42:17,更新成功,1
PSX,2025-08-21 03:42:18,更新成功,1
DHI,2025-08-21 03:42:21,更新成功,1
MPC,2025-08-21 03:42:23,更新成功,1
PSA,2025-08-21 03:42:24,更新成功,1
CTVA,2025-08-21 03:42:26,更新成功,1
ROST,2025-08-21 03:42:29,更新成功,1
TGT,2025-08-21 03:42:30,更新成功,1
AMP,2025-08-21 03:42:33,更新成功,1
KDP,2025-08-21 03:42:34,更新成功,1
CBRE,2025-08-21 03:42:37,更新成功,1
GWW,2025-08-21 03:42:40,更新成功,1
XYZ,2025-08-21 03:42:42,更新成功,1
OKE,2025-08-21 03:42:44,更新成功,1
KR,2025-08-21 03:42:47,更新成功,1
EW,2025-08-21 03:42:49,更新成功,1
CPRT,2025-08-21 03:42:50,更新成功,1
F,2025-08-21 03:42:53,更新成功,1
EBAY,2025-08-21 03:42:55,更新成功,1
DDOG,2025-08-21 03:42:58,更新成功,1
GRMN,2025-08-21 03:42:59,更新成功,1
EXC,2025-08-21 03:43:01,更新成功,1
AIG,2025-08-21 03:43:02,更新成功,1
CCI,2025-08-21 03:43:04,更新成功,1
KMB,2025-08-21 03:43:06,更新成功,1
OXY,2025-08-21 03:43:09,更新成功,1
TTWO,2025-08-21 03:43:10,更新成功,1
MSCI,2025-08-21 03:43:12,更新成功,1
AME,2025-08-21 03:43:15,更新成功,1
XEL,2025-08-21 03:43:17,更新成功,1
VLO,2025-08-21 03:43:19,更新成功,1
EA,2025-08-21 03:43:22,更新成功,1
BKR,2025-08-21 03:43:23,更新成功,1
PEG,2025-08-21 03:43:25,更新成功,1
RMD,2025-08-21 03:43:28,更新成功,1
YUM,2025-08-21 03:43:30,更新成功,1
MPWR,2025-08-21 03:43:33,更新成功,1
CCL,2025-08-21 03:43:36,更新成功,1
KVUE,2025-08-21 03:43:39,更新成功,1
FANG,2025-08-21 03:43:41,更新成功,1
DAL,2025-08-21 03:43:42,更新成功,1
ETR,2025-08-21 03:43:45,更新成功,1
ROK,2025-08-21 03:43:48,更新成功,1
VMC,2025-08-21 03:43:50,更新成功,1
SYY,2025-08-21 03:43:52,更新成功,1
LYV,2025-08-21 03:43:55,更新成功,1
PRU,2025-08-21 03:43:59,更新成功,1
CSGP,2025-08-21 03:44:00,更新成功,1
VRSK,2025-08-21 03:44:02,更新成功,1
HIG,2025-08-21 03:44:04,更新成功,1
CHTR,2025-08-21 03:44:06,更新成功,1
FIS,2025-08-21 03:44:08,更新成功,1
MLM,2025-08-21 03:44:11,更新成功,1
LVS,2025-08-21 03:44:12,更新成功,1
HSY,2025-08-21 03:44:14,更新成功,1
ED,2025-08-21 03:44:16,更新成功,1
CAH,2025-08-21 03:44:18,更新成功,1
MCHP,2025-08-21 03:44:20,更新成功,1
OTIS,2025-08-21 03:44:22,更新成功,1
HUM,2025-08-21 03:44:25,更新成功,1
TRGP,2025-08-21 03:44:26,更新成功,1
XYL,2025-08-21 03:44:29,更新成功,1
VICI,2025-08-21 03:44:30,更新成功,1
WEC,2025-08-21 03:44:33,更新成功,1
LEN,2025-08-21 03:44:34,更新成功,1
CTSH,2025-08-21 03:44:38,更新成功,1
A,2025-08-21 03:44:40,更新成功,1
ACGL,2025-08-21 03:44:41,更新成功,1
STX,2025-08-21 03:44:43,更新成功,1
GEHC,2025-08-21 03:44:45,更新成功,1
PCG,2025-08-21 03:44:47,更新成功,1
NUE,2025-08-21 03:44:49,更新成功,1
UAL,2025-08-21 03:44:52,更新成功,1
EL,2025-08-21 03:44:55,更新成功,1
FICO,2025-08-21 03:44:57,更新成功,1
RJF,2025-08-21 03:45:00,更新成功,1
WAB,2025-08-21 03:45:03,更新成功,1
KHC,2025-08-21 03:45:05,更新成功,1
IQV,2025-08-21 03:45:08,更新成功,1
TSCO,2025-08-21 03:45:11,更新成功,1
WTW,2025-08-21 03:45:14,更新成功,1
DXCM,2025-08-21 03:45:16,更新成功,1
EQT,2025-08-21 03:45:18,更新成功,1
ODFL,2025-08-21 03:45:20,更新成功,1
BRO,2025-08-21 03:45:22,更新成功,1
STT,2025-08-21 03:45:25,更新成功,1
IR,2025-08-21 03:45:26,更新成功,1
DD,2025-08-21 03:45:28,更新成功,1
VTR,2025-08-21 03:45:31,更新成功,1
BR,2025-08-21 03:45:32,更新成功,1
EFX,2025-08-21 03:45:35,更新成功,1
MTB,2025-08-21 03:45:38,更新成功,1
STZ,2025-08-21 03:45:40,更新成功,1
WBD,2025-08-21 03:45:43,更新成功,1
NRG,2025-08-21 03:45:44,更新成功,1
EXR,2025-08-21 03:45:47,更新成功,1
ADM,2025-08-21 03:45:50,更新成功,1
DTE,2025-08-21 03:45:52,更新成功,1
KEYS,2025-08-21 03:45:54,更新成功,1
HPE,2025-08-21 03:45:56,更新成功,1
FITB,2025-08-21 03:45:58,更新成功,1
AWK,2025-08-21 03:46:01,更新成功,1
K,2025-08-21 03:46:04,更新成功,1
ROL,2025-08-21 03:46:05,更新成功,1
SMCI,2025-08-21 03:46:08,更新成功,1
TTD,2025-08-21 03:46:10,更新成功,1
AEE,2025-08-21 03:46:11,更新成功,1
MTD,2025-08-21 03:46:14,更新成功,1
AVB,2025-08-21 03:46:16,更新成功,1
PPL,2025-08-21 03:46:19,更新成功,1
IRM,2025-08-21 03:46:20,更新成功,1
WRB,2025-08-21 03:46:22,更新成功,1
SYF,2025-08-21 03:46:25,更新成功,1
GIS,2025-08-21 03:46:27,更新成功,1
VLTO,2025-08-21 03:46:28,更新成功,1
ATO,2025-08-21 03:46:31,更新成功,1
WDC,2025-08-21 03:46:33,更新成功,1
CBOE,2025-08-21 03:46:34,更新成功,1
EXPE,2025-08-21 03:46:35,更新成功,1
PHM,2025-08-21 03:46:38,更新成功,1
HPQ,2025-08-21 03:46:39,更新成功,1
TDY,2025-08-21 03:46:41,更新成功,1
PTC,2025-08-21 03:46:44,更新成功,1
PPG,2025-08-21 03:46:47,更新成功,1
VRSN,2025-08-21 03:46:48,更新成功,1
IP,2025-08-21 03:46:51,更新成功,1
DG,2025-08-21 03:46:53,更新成功,1
FE,2025-08-21 03:46:55,更新成功,1
CNP,2025-08-21 03:46:57,更新成功,1
WSM,2025-08-21 03:46:59,更新成功,1
TYL,2025-08-21 03:47:00,更新成功,1
LULU,2025-08-21 03:47:02,更新成功,1
DOV,2025-08-21 03:47:04,更新成功,1
NTRS,2025-08-21 03:47:07,更新成功,1
HBAN,2025-08-21 03:47:10,更新成功,1
EQR,2025-08-21 03:47:12,更新成功,1
STE,2025-08-21 03:47:15,更新成功,1
ES,2025-08-21 03:47:18,更新成功,1
DRI,2025-08-21 03:47:20,更新成功,1
TROW,2025-08-21 03:47:22,更新成功,1
FSLR,2025-08-21 03:47:24,更新成功,1
CINF,2025-08-21 03:47:25,更新成功,1
DLTR,2025-08-21 03:47:27,更新成功,1
ULTA,2025-08-21 03:47:29,更新成功,1
SBAC,2025-08-21 03:47:31,更新成功,1
HUBB,2025-08-21 03:47:32,更新成功,1
RF,2025-08-21 03:47:36,更新成功,1
LDOS,2025-08-21 03:47:38,更新成功,1
JBL,2025-08-21 03:47:39,更新成功,1
PODD,2025-08-21 03:47:42,更新成功,1
CHD,2025-08-21 03:47:44,更新成功,1
NVR,2025-08-21 03:47:46,更新成功,1
LH,2025-08-21 03:47:49,更新成功,1
CPAY,2025-08-21 03:47:52,更新成功,1
SW,2025-08-21 03:47:54,更新成功,1
EXE,2025-08-21 03:47:56,更新成功,1
NTAP,2025-08-21 03:47:59,更新成功,1
CDW,2025-08-21 03:48:00,更新成功,1
CMS,2025-08-21 03:48:03,更新成功,1
EIX,2025-08-21 03:48:06,更新成功,1
DVN,2025-08-21 03:48:07,更新成功,1
LII,2025-08-21 03:48:09,更新成功,1
CFG,2025-08-21 03:48:11,更新成功,1
GPN,2025-08-21 03:48:13,更新成功,1
TPR,2025-08-21 03:48:15,更新成功,1
ON,2025-08-21 03:48:16,更新成功,1
TPL,2025-08-21 03:48:19,更新成功,1
ZBH,2025-08-21 03:48:20,更新成功,1
BIIB,2025-08-21 03:48:22,更新成功,1
DGX,2025-08-21 03:48:24,更新成功,1
KEY,2025-08-21 03:48:26,更新成功,1
GDDY,2025-08-21 03:48:28,更新成功,1
TSN,2025-08-21 03:48:30,更新成功,1
TRMB,2025-08-21 03:48:32,更新成功,1
NI,2025-08-21 03:48:35,更新成功,1
AMCR,2025-08-21 03:48:38,更新成功,1
L,2025-08-21 03:48:39,更新成功,1
GEN,2025-08-21 03:48:41,更新成功,1
GPC,2025-08-21 03:48:43,更新成功,1
ERIE,2025-08-21 03:48:46,更新成功,1
WY,2025-08-21 03:48:48,更新成功,1
STLD,2025-08-21 03:48:50,更新成功,1
INVH,2025-08-21 03:48:52,更新成功,1
MKC,2025-08-21 03:48:53,更新成功,1
IT,2025-08-21 03:48:54,更新成功,1
FFIV,2025-08-21 03:48:56,更新成功,1
HAL,2025-08-21 03:48:58,更新成功,1
CTRA,2025-08-21 03:49:00,更新成功,1
TER,2025-08-21 03:49:03,更新成功,1
J,2025-08-21 03:49:04,更新成功,1
RL,2025-08-21 03:49:06,更新成功,1
WST,2025-08-21 03:49:09,更新成功,1
PKG,2025-08-21 03:49:12,更新成功,1
PNR,2025-08-21 03:49:14,更新成功,1
PFG,2025-08-21 03:49:16,更新成功,1
WAT,2025-08-21 03:49:19,更新成功,1
LYB,2025-08-21 03:49:21,更新成功,1
SNA,2025-08-21 03:49:23,更新成功,1
IFF,2025-08-21 03:49:25,更新成功,1
INCY,2025-08-21 03:49:27,更新成功,1
DOW,2025-08-21 03:49:30,更新成功,1
LNT,2025-08-21 03:49:33,更新成功,1
ESS,2025-08-21 03:49:34,更新成功,1
APTV,2025-08-21 03:49:36,更新成功,1
LUV,2025-08-21 03:49:37,更新成功,1
EVRG,2025-08-21 03:49:40,更新成功,1
MAA,2025-08-21 03:49:42,更新成功,1
EXPD,2025-08-21 03:49:45,更新成功,1
FTV,2025-08-21 03:49:48,更新成功,1
BG,2025-08-21 03:49:51,更新成功,1
ZBRA,2025-08-21 03:49:53,更新成功,1
DECK,2025-08-21 03:49:55,更新成功,1
HRL,2025-08-21 03:49:56,更新成功,1
TKO,2025-08-21 03:49:59,更新成功,1
MAS,2025-08-21 03:50:01,更新成功,1
BBY,2025-08-21 03:50:04,更新成功,1
DPZ,2025-08-21 03:50:06,更新成功,1
BLDR,2025-08-21 03:50:07,更新成功,1
HOLX,2025-08-21 03:50:09,更新成功,1
OMC,2025-08-21 03:50:10,更新成功,1
CLX,2025-08-21 03:50:12,更新成功,1
COO,2025-08-21 03:50:13,更新成功,1
CHRW,2025-08-21 03:50:16,更新成功,1
BF-B,2025-08-21 03:50:19,更新成功,1
BALL,2025-08-21 03:50:21,更新成功,1
ALLE,2025-08-21 03:50:24,更新成功,1
KIM,2025-08-21 03:50:26,更新成功,1
CNC,2025-08-21 03:50:29,更新成功,1
TXT,2025-08-21 03:50:32,更新成功,1
FDS,2025-08-21 03:50:33,更新成功,1
EG,2025-08-21 03:50:36,更新成功,1
JBHT,2025-08-21 03:50:39,更新成功,1
CF,2025-08-21 03:50:41,更新成功,1
AVY,2025-08-21 03:50:42,更新成功,1
ARE,2025-08-21 03:50:44,更新成功,1
BEN,2025-08-21 03:50:46,更新成功,1
REG,2025-08-21 03:50:49,更新成功,1
PAYC,2025-08-21 03:50:50,更新成功,1
UDR,2025-08-21 03:50:53,更新成功,1
IEX,2025-08-21 03:50:55,更新成功,1
FOX,2025-08-21 03:50:57,更新成功,1
SOLV,2025-08-21 03:50:59,更新成功,1
VTRS,2025-08-21 03:51:01,更新成功,1
BAX,2025-08-21 03:51:04,更新成功,1
NDSN,2025-08-21 03:51:05,更新成功,1
FOXA,2025-08-21 03:51:07,更新成功,1
DOC,2025-08-21 03:51:09,更新成功,1
SJM,2025-08-21 03:51:10,更新成功,1
POOL,2025-08-21 03:51:12,更新成功,1
JKHY,2025-08-21 03:51:13,更新成功,1
GNRC,2025-08-21 03:51:16,更新成功,1
SWK,2025-08-21 03:51:18,更新成功,1
HAS,2025-08-21 03:51:19,更新成功,1
CPT,2025-08-21 03:51:22,更新成功,1
WYNN,2025-08-21 03:51:25,更新成功,1
UHS,2025-08-21 03:51:28,更新成功,1
NWSA,2025-08-21 03:51:30,更新成功,1
NCLH,2025-08-21 03:51:32,更新成功,1
GL,2025-08-21 03:51:33,更新成功,1
SWKS,2025-08-21 03:51:36,更新成功,1
MRNA,2025-08-21 03:51:37,更新成功,1
HST,2025-08-21 03:51:39,更新成功,1
PNW,2025-08-21 03:51:41,更新成功,1
AKAM,2025-08-21 03:51:44,更新成功,1
DAY,2025-08-21 03:51:46,更新成功,1
ALGN,2025-08-21 03:51:49,更新成功,1
AIZ,2025-08-21 03:51:51,更新成功,1
HII,2025-08-21 03:51:54,更新成功,1
RVTY,2025-08-21 03:51:56,更新成功,1
WBA,2025-08-21 03:51:58,更新成功,1
BXP,2025-08-21 03:52:01,更新成功,1
MOS,2025-08-21 03:52:03,更新成功,1
AOS,2025-08-21 03:52:05,更新成功,1
TAP,2025-08-21 03:52:07,更新成功,1
MGM,2025-08-21 03:52:08,更新成功,1
ALB,2025-08-21 03:52:10,更新成功,1
CPB,2025-08-21 03:52:12,更新成功,1
IPG,2025-08-21 03:52:13,更新成功,1
DVA,2025-08-21 03:52:16,更新成功,1
AES,2025-08-21 03:52:17,更新成功,1
IVZ,2025-08-21 03:52:20,更新成功,1
EPAM,2025-08-21 03:52:22,更新成功,1
MOH,2025-08-21 03:52:25,更新成功,1
CAG,2025-08-21 03:52:27,更新成功,1
PSKY,2025-08-21 03:52:29,更新成功,1
MTCH,2025-08-21 03:52:32,更新成功,1
KMX,2025-08-21 03:52:35,更新成功,1
TECH,2025-08-21 03:52:37,更新成功,1
HSIC,2025-08-21 03:52:40,更新成功,1
LKQ,2025-08-21 03:52:42,更新成功,1
FRT,2025-08-21 03:52:44,更新成功,1
MHK,2025-08-21 03:52:47,更新成功,1
CRL,2025-08-21 03:52:50,更新成功,1
LW,2025-08-21 03:52:52,更新成功,1
EMN,2025-08-21 03:52:55,更新成功,1
APA,2025-08-21 03:52:56,更新成功,1
MKTX,2025-08-21 03:52:59,更新成功,1
NWS,2025-08-21 03:53:01,更新成功,1
CZR,2025-08-21 03:53:03,更新成功,1
ENPH,2025-08-21 03:53:06,更新成功,1
